-- MySQL dump 10.13  Distrib 8.0.27, for Linux (x86_64)
--
-- Host: 172.17.0.1    Database: Pokemon
-- ------------------------------------------------------
-- Server version	5.5.5-10.7.1-MariaDB-1:10.7.1+maria~focal

/*!40101 SET @OLD_CHARACTER_SET_CLIENT=@@CHARACTER_SET_CLIENT */;
/*!40101 SET @OLD_CHARACTER_SET_RESULTS=@@CHARACTER_SET_RESULTS */;
/*!40101 SET @OLD_COLLATION_CONNECTION=@@COLLATION_CONNECTION */;
/*!50503 SET NAMES utf8mb4 */;
/*!40103 SET @OLD_TIME_ZONE=@@TIME_ZONE */;
/*!40103 SET TIME_ZONE='+00:00' */;
/*!40014 SET @OLD_UNIQUE_CHECKS=@@UNIQUE_CHECKS, UNIQUE_CHECKS=0 */;
/*!40014 SET @OLD_FOREIGN_KEY_CHECKS=@@FOREIGN_KEY_CHECKS, FOREIGN_KEY_CHECKS=0 */;
/*!40101 SET @OLD_SQL_MODE=@@SQL_MODE, SQL_MODE='NO_AUTO_VALUE_ON_ZERO' */;
/*!40111 SET @OLD_SQL_NOTES=@@SQL_NOTES, SQL_NOTES=0 */;

--
-- Table structure for table `Attacks`
--

DROP TABLE IF EXISTS `Attacks`;
/*!40101 SET @saved_cs_client     = @@character_set_client */;
/*!50503 SET character_set_client = utf8mb4 */;
CREATE TABLE `Attacks` (
  `name` varchar(255) NOT NULL,
  `type` varchar(255) NOT NULL,
  `damage` int(11) DEFAULT NULL,
  `ap` int(11) NOT NULL,
  `accuracy` int(11) NOT NULL,
  `ko` tinyint(1) DEFAULT 0,
  PRIMARY KEY (`name`)
) ENGINE=InnoDB DEFAULT CHARSET=utf8mb4;
/*!40101 SET character_set_client = @saved_cs_client */;

--
-- Dumping data for table `Attacks`
--

LOCK TABLES `Attacks` WRITE;
/*!40000 ALTER TABLE `Attacks` DISABLE KEYS */;
INSERT INTO `Attacks` VALUES ('Absorb','Grass',1,1,1,0),('Acid','Poison',1,1,1,0),('Acid Armor','Poison',1,1,1,0),('Acupressure','Normal',1,1,1,0),('Aerial Ace','Flying',1,1,1,0),('Aeroblast','Flying',1,1,1,0),('Agility','Psychic',1,1,1,0),('Air Cutter','Flying',1,1,1,0),('Air Slash','Flying',1,1,1,0),('Amnesia','Psychic',1,1,1,0),('AncientPower','Rock',1,1,1,0),('Aqua Jet','Water',1,1,1,0),('Aqua Ring','Water',1,1,1,0),('Aqua Tail','Water',1,1,1,0),('Arm Thrust','Fighting',1,1,1,0),('Aromatherapy','Grass',1,1,1,0),('Assist','Normal',1,1,1,0),('Assurance','Dark',1,1,1,0),('Astonish','Ghost',1,1,1,0),('Attack Order','Bug',1,1,1,0),('Attract','Normal',1,1,1,0),('Aura Sphere','Fighting',1,1,1,0),('Aurora Beam','Ice',1,1,1,0),('Avalanche','Ice',1,1,1,0),('Barrage','Normal',1,1,1,0),('Barrier','Psychic',1,1,1,0),('Baton Pass','Normal',1,1,1,0),('Beat Up','Dark',1,1,1,0),('Belly Drum','Normal',1,1,1,0),('Bide','Normal',1,1,1,0),('Bind','Normal',1,1,1,0),('Bite','Dark',1,1,1,0),('Blast Burn','Fire',60,15,100,0),('Blaze Kick','Fire',110,15,80,0),('Blizzard','Ice',1,1,1,0),('Block','Normal',1,1,1,0),('Body Slam','Normal',1,1,1,0),('Bone Club','Ground',1,1,1,0),('Bone Rush','Ground',1,1,1,0),('Bonemerang','Ground',1,1,1,0),('Bounce','Flying',1,1,1,0),('Brave Bird','Flying',1,1,1,0),('Brick Break','Fighting',1,1,1,0),('Brine','Water',1,1,1,0),('Bubble','Water',1,1,1,0),('BubbleBeam','Water',1,1,1,0),('Bug Bite','Bug',1,1,1,0),('Bug Buzz','Bug',1,1,1,0),('Bulk Up','Fighting',1,1,1,0),('Bullet Punch','Steel',1,1,1,0),('Bullet Seed','Grass',1,1,1,0),('Calm Mind','Psychic',1,1,1,0),('Camouflage','Normal',1,1,1,0),('Captivate','Normal',1,1,1,0),('Charge','Electric',1,1,1,0),('Charge Beam','Electric',1,1,1,0),('Charm','Normal',1,1,1,0),('Chatter','Flying',1,1,1,0),('Clamp','Water',1,1,1,0),('Close Combat','Fighting',1,1,1,0),('Comet Punch','Normal',1,1,1,0),('Confuse Ray','Ghost',1,1,1,0),('Confusion','Psychic',1,1,1,0),('Constrict','Normal',1,1,1,0),('Conversion','Normal',1,1,1,0),('Conversion 2','Normal',1,1,1,0),('Copycat','Normal',1,1,1,0),('Cosmic Power','Psychic',1,1,1,0),('Cotton Spore','Grass',1,1,1,0),('Counter','Fighting',1,1,1,0),('Covet','Normal',1,1,1,0),('Crabhammer','Water',1,1,1,0),('Cross Chop','Fighting',1,1,1,0),('Cross Poison','Poison',1,1,1,0),('Crunch','Dark',1,1,1,0),('Crush Claw','Normal',1,1,1,0),('Crush Grip','Normal',1,1,1,0),('Cut','Normal',1,1,1,0),('Dark Pulse','Dark',1,1,1,0),('Dark Void','Dark',1,1,1,0),('Defend Order','Bug',1,1,1,0),('Defense Curl','Normal',1,1,1,0),('Defog','Flying',1,1,1,0),('Destiny Bond','Ghost',1,1,1,0),('Detect','Fighting',1,1,1,0),('Dig','Ground',1,1,1,0),('Disable','Normal',1,1,1,0),('Discharge','Electric',1,1,1,0),('Dive','Water',1,1,1,0),('Dizzy Punch','Normal',1,1,1,0),('Doom Desire','Steel',1,1,1,0),('Double Hit','Normal',1,1,1,0),('Double Kick','Fighting',1,1,1,0),('Double Team','Normal',1,1,1,0),('Double-edge','Normal',1,1,1,0),('DoubleSlap','Normal',1,1,1,0),('Draco Meteor','Dragon',1,1,1,0),('Dragon Claw','Dragon',1,1,1,0),('Dragon Dance','Dragon',1,1,1,0),('Dragon Pulse','Dragon',1,1,1,0),('Dragon Rage','Dragon',1,1,1,0),('Dragon Rush','Dragon',1,1,1,0),('DragonBreath','Dragon',1,1,1,0),('Drain Punch','Fighting',1,1,1,0),('Dream Eater','Psychic',1,1,1,0),('Drill Peck','Flying',1,1,1,0),('DynamicPunch','Fighting',1,1,1,0),('Earth Power','Ground',1,1,1,0),('Earthquake','Ground',60,15,100,0),('Egg Bomb','Normal',1,1,1,0),('Embargo','Dark',1,1,1,0),('Ember','Fire',1,1,1,0),('Encore','Normal',1,1,1,0),('Endeavor','Normal',1,1,1,0),('Endure','Normal',1,1,1,0),('Energy Ball','Grass',1,1,1,0),('Eruption','Fire',1,1,1,0),('Explosion','Normal',1,1,1,0),('Extrasensory','Psychic',1,1,1,0),('ExtremeSpeed','Normal',1,1,1,0),('Facade','Normal',1,1,1,0),('Faint Attack','Dark',1,1,1,0),('Fake Out','Normal',1,1,1,0),('Fake Tears','Dark',1,1,1,0),('False Swipe','Normal',1,1,1,0),('FeatherDance','Flying',1,1,1,0),('Feint','Normal',1,1,1,0),('Fire Blast','Fire',75,15,85,0),('Fire Fang','Fire',1,1,1,0),('Fire Punch','Fire',1,1,1,0),('Fire Spin','Fire',1,1,1,0),('Firestorm','Fire',120,15,80,0),('Fissure','Ground',1,1,1,0),('Flail','Normal',1,1,1,0),('Flame Wheel','Fire',1,1,1,0),('Flamethrower','Fire',75,15,85,0),('Flare Blitz','Fire',1,1,1,0),('Flash','Normal',1,1,1,0),('Flash Cannon','Steel',1,1,1,0),('Flatter','Dark',1,1,1,0),('Fling','Dark',1,1,1,0),('Fly','Flying',1,1,1,0),('Focus Blast','Fighting',1,1,1,0),('Focus Energy','Normal',1,1,1,0),('Focus Punch','Fighting',1,1,1,0),('Follow Me','Normal',1,1,1,0),('Force Palm','Fighting',1,1,1,0),('Foresight','Normal',1,1,1,0),('Frenzy Plant','Grass',1,1,1,0),('Frustration','Normal',1,1,1,0),('Fury Attack','Normal',1,1,1,0),('Fury Cutter','Bug',1,1,1,0),('Fury Swipes','Normal',1,1,1,0),('Future Sight','Psychic',1,1,1,0),('Gastro Acid','Poison',1,1,1,0),('Giga Drain','Grass',1,1,1,0),('Giga Impact','Normal',1,1,1,0),('Glare','Normal',1,1,1,0),('Grass Knot','Grass',1,1,1,0),('GrassWhistle','Grass',1,1,1,0),('Gravity','Psychic',1,1,1,0),('Growl','Normal',1,1,1,0),('Growth','Normal',1,1,1,0),('Grudge','Ghost',1,1,1,0),('Guard Swap','Psychic',1,1,1,0),('Guillotine','Normal',1,1,1,0),('Gunk Shot','Poison',1,1,1,0),('Gust','Flying',1,1,1,0),('Gyro Ball','Steel',1,1,1,0),('Hail','Ice',1,1,1,0),('Hammer Arm','Fighting',1,1,1,0),('Harden','Normal',1,1,1,0),('Haze','Ice',1,1,1,0),('Head Smash','Rock',1,1,1,0),('Headbutt','Normal',1,1,1,0),('Heal Bell','Normal',1,1,1,0),('Heal Block','Psychic',1,1,1,0),('Heal Order','Bug',1,1,1,0),('Healing Wish','Psychic',1,1,1,0),('Heart Swap','Psychic',1,1,1,0),('Heat Wave','Fire',1,1,1,0),('Heatwave','Fire',80,30,95,0),('Helping Hand','Normal',1,1,1,0),('Hi Jump Kick','Fighting',1,1,1,0),('Hidden Power','Normal',1,1,1,0),('Horn Attack','Normal',1,1,1,0),('Horn Drill','Normal',1,1,1,0),('Howl','Normal',1,1,1,0),('Hydro Cannon','Water',1,1,1,0),('Hydro Pump','Water',1,1,1,0),('Hyper Beam','Normal',150,5,90,0),('Hyper Fang','Normal',1,1,1,0),('Hyper Voice','Normal',1,1,1,0),('Hypnosis','Psychic',1,1,1,0),('Ice Ball','Ice',1,1,1,0),('Ice Beam','Ice',1,1,1,0),('Ice Fang','Ice',1,1,1,0),('Ice Punch','Ice',1,1,1,0),('Ice Shard','Ice',1,1,1,0),('Icicle Spear','Ice',1,1,1,0),('Icy Wind','Ice',1,1,1,0),('Imprison','Psychic',1,1,1,0),('Ingrain','Grass',1,1,1,0),('Iron Defense','Steel',1,1,1,0),('Iron Head','Steel',1,1,1,0),('Iron Tail','Steel',1,1,1,0),('Judgment','Normal',1,1,1,0),('Jump Kick','Fighting',1,1,1,0),('Karate Chop','Fighting',1,1,1,0),('Kinesis','Psychic',1,1,1,0),('Knock Off','Dark',1,1,1,0),('Last Resort','Normal',1,1,1,0),('Lava Plume','Fire',1,1,1,0),('Leaf Blade','Grass',1,1,1,0),('Leaf Storm','Grass',1,1,1,0),('Leech Life','Bug',1,1,1,0),('Leech Seed','Grass',1,1,1,0),('Leer','Normal',1,1,1,0),('Lick','Ghost',1,1,1,0),('Light Screen','Psychic',1,1,1,0),('Lock-On','Normal',1,1,1,0),('Lovely Kiss','Normal',1,1,1,0),('Low Kick','Fighting',1,1,1,0),('Lucky Chant','Normal',1,1,1,0),('Lunar Dance','Psychic',1,1,1,0),('Luster Purge','Psychic',1,1,1,0),('Mach Punch','Fighting',1,1,1,0),('Magic Coat','Psychic',1,1,1,0),('Magical Leaf','Grass',1,1,1,0),('Magma Storm','Fire',1,1,1,0),('Magnet Bomb','Steel',1,1,1,0),('Magnet Rise','Electric',1,1,1,0),('Magnitude','Ground',1,1,1,0),('Me First','Normal',1,1,1,0),('Mean Look','Normal',1,1,1,0),('Meditate','Psychic',1,1,1,0),('Mega Drain','Grass',1,1,1,0),('Mega Kick','Normal',1,1,1,0),('Mega Punch','Normal',1,1,1,0),('Megahorn','Bug',1,1,1,0),('Memento','Dark',1,1,1,0),('Metal Burst','Steel',1,1,1,0),('Metal Claw','Steel',1,1,1,0),('Metal Sound','Steel',1,1,1,0),('Meteor Mash','Steel',1,1,1,0),('Metronome','Normal',1,1,1,0),('Milk Drink','Normal',1,1,1,0),('Mimic','Normal',1,1,1,0),('Mind Reader','Normal',1,1,1,0),('Minimize','Normal',1,1,1,0),('Miracle Eye','Psychic',1,1,1,0),('Mirror Coat','Psychic',1,1,1,0),('Mirror Move','Flying',1,1,1,0),('Mirror Shot','Steel',1,1,1,0),('Mist','Ice',1,1,1,0),('Mist Ball','Psychic',1,1,1,0),('Moonlight','Normal',1,1,1,0),('Morning Sun','Normal',1,1,1,0),('Mud Bomb','Ground',1,1,1,0),('Mud Shot','Ground',1,1,1,0),('Mud Sport','Ground',1,1,1,0),('Mud-Slap','Ground',1,1,1,0),('Muddy Water','Water',1,1,1,0),('Nasty Plot','Dark',1,1,1,0),('Natural Gift','Normal',1,1,1,0),('Nature Power','Normal',1,1,1,0),('Needle Arm','Grass',1,1,1,0),('Night Shade','Ghost',1,1,1,0),('Night Slash','Dark',1,1,1,0),('Nightmare','Ghost',1,1,1,0),('Octazooka','Water',1,1,1,0),('Odor Sleuth','Normal',1,1,1,0),('Ominous Wind','Ghost',1,1,1,0),('Outrage','Dragon',1,1,1,0),('Overheat','Fire',1,1,1,0),('Pain Split','Normal',1,1,1,0),('Pay Day','Normal',1,1,1,0),('Payback','Dark',1,1,1,0),('Peck','Flying',1,1,1,0),('Perish Song','Normal',1,1,1,0),('Petal Dance','Grass',1,1,1,0),('Pin Missile','Bug',1,1,1,0),('PLACEHOLDER','Normal',1,1,1,0),('Pluck','Flying',1,1,1,0),('Poison Fang','Poison',1,1,1,0),('Poison Gas','Poison',1,1,1,0),('Poison Jab','Poison',1,1,1,0),('Poison Sting','Poison',1,1,1,0),('Poison Tail','Poison',1,1,1,0),('PoisonPowder','Poison',1,1,1,0),('Pound','Normal',1,1,1,0),('Powder Snow','Ice',1,1,1,0),('Power Gem','Rock',1,1,1,0),('Power Swap','Psychic',1,1,1,0),('Power Trick','Psychic',1,1,1,0),('Power Whip','Grass',1,1,1,0),('Present','Normal',1,1,1,0),('Protect','Normal',1,1,1,0),('Psybeam','Psychic',1,1,1,0),('Psych Up','Normal',1,1,1,0),('Psychic','Psychic',1,1,1,0),('Psycho Boost','Psychic',1,1,1,0),('Psycho Cut','Psychic',1,1,1,0),('Psycho Shift','Psychic',1,1,1,0),('Psywave','Psychic',1,1,1,0),('Punishment','Dark',1,1,1,0),('Pursuit','Dark',1,1,1,0),('Quick Attack','Normal',1,1,1,0),('Rage','Normal',1,1,1,0),('Rain Dance','Water',1,1,1,0),('Rapid Spin','Normal',1,1,1,0),('Razor Leaf','Grass',1,1,1,0),('Razor Wind','Normal',1,1,1,0),('Recover','Normal',1,1,1,0),('Recycle','Normal',1,1,1,0),('Reflect','Psychic',1,1,1,0),('Refresh','Normal',1,1,1,0),('Rest','Psychic',1,1,1,0),('Return','Normal',1,1,1,0),('Revenge','Fighting',1,1,1,0),('Reversal','Fighting',1,1,1,0),('Roar','Normal',1,1,1,0),('Roar of Time','Dragon',1,1,1,0),('Rock Blast','Rock',1,1,1,0),('Rock Climb','Normal',1,1,1,0),('Rock Polish','Rock',1,1,1,0),('Rock Slide','Rock',1,1,1,0),('Rock Smash','Fighting',1,1,1,0),('Rock Throw','Rock',1,1,1,0),('Rock Tomb','Rock',1,1,1,0),('Rock Wrecker','Rock',1,1,1,0),('Role Play','Psychic',1,1,1,0),('Rolling Kick','Fighting',1,1,1,0),('Rollout','Rock',1,1,1,0),('Roost','Flying',1,1,1,0),('Sacred Fire','Fire',1,1,1,0),('Safeguard','Normal',1,1,1,0),('Sand Tomb','Ground',1,1,1,0),('Sand-Attack','Ground',1,1,1,0),('Sandstorm','Rock',1,1,1,0),('Scary Face','Normal',1,1,1,0),('Scratch','Normal',1,1,1,0),('Screech','Normal',1,1,1,0),('Secret Power','Normal',1,1,1,0),('Seed Bomb','Grass',1,1,1,0),('Seed Flare','Grass',1,1,1,0),('Seismic Toss','Fighting',1,1,1,0),('Selfdestruct','Normal',1,1,1,0),('Shadow Ball','Ghost',1,1,1,0),('Shadow Claw','Ghost',1,1,1,0),('Shadow Force','Ghost',1,1,1,0),('Shadow Punch','Ghost',1,1,1,0),('Shadow Sneak','Ghost',1,1,1,0),('Sharpen','Normal',1,1,1,0),('Sheer Cold','Ice',1,1,1,0),('Shock Wave','Electric',1,1,1,0),('Signal Beam','Bug',1,1,1,0),('Silver Wind','Bug',1,1,1,0),('Sing','Normal',1,1,1,0),('Sketch','Normal',1,1,1,0),('Skill Swap','Psychic',1,1,1,0),('Skull Bash','Normal',1,1,1,0),('Sky Attack','Flying',1,1,1,0),('Sky Uppercut','Fighting',1,1,1,0),('Slack Off','Normal',1,1,1,0),('Slam','Normal',1,1,1,0),('Slash','Normal',1,1,1,0),('Sleep Powder','Grass',1,1,1,0),('Sleep Talk','Normal',1,1,1,0),('Sludge','Poison',1,1,1,0),('Sludge Bomb','Poison',1,1,1,0),('SmellingSalt','Normal',1,1,1,0),('Smog','Poison',1,1,1,0),('SmokeScreen','Normal',1,1,1,0),('Snatch','Dark',1,1,1,0),('Snore','Normal',1,1,1,0),('Softboiled','Normal',1,1,1,0),('SolarBeam','Grass',1,1,1,0),('SonicBoom','Normal',1,1,1,0),('Spacial Rend','Dragon',1,1,1,0),('Spark','Electric',1,1,1,0),('Spider Web','Bug',1,1,1,0),('Spike Cannon','Normal',1,1,1,0),('Spikes','Ground',1,1,1,0),('Spit Up','Normal',1,1,1,0),('Spite','Ghost',1,1,1,0),('Splash','Normal',1,1,1,0),('Spore','Grass',1,1,1,0),('Stealth Rock','Rock',1,1,1,0),('Steel Wing','Steel',1,1,1,0),('Stockpile','Normal',1,1,1,0),('Stomp','Normal',1,1,1,0),('Stone Edge','Rock',1,1,1,0),('Strength','Normal',1,1,1,0),('String Shot','Bug',1,1,1,0),('Struggle','Normal',1,1,1,0),('Stun Spore','Grass',1,1,1,0),('Submission','Fighting',1,1,1,0),('Substitute','Normal',1,1,1,0),('Sucker Punch','Dark',1,1,1,0),('Sunny Day','Fire',1,1,1,0),('Super Fang','Normal',1,1,1,0),('Superpower','Fighting',1,1,1,0),('Supersonic','Normal',1,1,1,0),('Surf','Water',1,1,1,0),('Swagger','Normal',1,1,1,0),('Swallow','Normal',1,1,1,0),('Sweet Kiss','Normal',1,1,1,0),('Sweet Scent','Normal',1,1,1,0),('Swift','Normal',1,1,1,0),('Switcheroo','Dark',1,1,1,0),('Swords Dance','Normal',1,1,1,0),('Synthesis','Grass',1,1,1,0),('Tackle','Normal',1,1,1,0),('Tail Glow','Bug',1,1,1,0),('Tail Whip','Normal',1,1,1,0),('Tailwind','Flying',1,1,1,0),('Take Down','Normal',1,1,1,0),('Taunt','Dark',1,1,1,0),('Teeter Dance','Normal',1,1,1,0),('Teleport','Psychic',1,1,1,0),('Thief','Dark',1,1,1,0),('Thrash','Normal',1,1,1,0),('Thunder','Electric',80,30,95,0),('Thunder Fang','Electric',1,1,1,0),('Thunder Wave','Electric',1,1,1,0),('Thunderbolt','Electric',1,1,1,0),('ThunderPunch','Electric',1,1,1,0),('ThunderShock','Electric',1,1,1,0),('Tickle','Normal',1,1,1,0),('Torment','Dark',1,1,1,0),('Toxic','Poison',1,1,1,0),('Toxic Spikes','Poison',1,1,1,0),('Transform','Normal',1,1,1,0),('Tri Attack','Normal',1,1,1,0),('Trick','Psychic',1,1,1,0),('Trick Room','Psychic',1,1,1,0),('Triple Kick','Fighting',1,1,1,0),('Trump Card','Normal',1,1,1,0),('Twineedle','Bug',1,1,1,0),('Twister','Dragon',1,1,1,0),('U-Turn','Bug',1,1,1,0),('Uproar','Normal',1,1,1,0),('Vacuum Wave','Fighting',1,1,1,0),('Vicegrip','Normal',1,1,1,0),('Vine Whip','Grass',1,1,1,0),('Vital Throw','Fighting',1,1,1,0),('Volt Tackle','Electric',1,1,1,0),('Wake-Up Slap','Fighting',1,1,1,0),('Water Gun','Water',1,1,1,0),('Water Pulse','Water',1,1,1,0),('Water Sport','Water',1,1,1,0),('Water Spout','Water',1,1,1,0),('Waterfall','Water',1,1,1,0),('Weather Ball','Normal',1,1,1,0),('Whirlpool','Water',1,1,1,0),('Whirlwind','Normal',1,1,1,0),('Will-O-Wisp','Fire',1,1,1,0),('Wing Attack','Flying',1,1,1,0),('Wish','Normal',1,1,1,0),('Withdraw','Water',1,1,1,0),('Wood Hammer','Grass',1,1,1,0),('Worry Seed','Grass',1,1,1,0),('Wrap','Normal',1,1,1,0),('Wring Out','Normal',1,1,1,0),('X-Scissor','Bug',1,1,1,0),('Yawn','Normal',1,1,1,0),('Zap Cannon','Electric',1,1,1,0),('Zen Headbutt','Psychic',1,1,1,0);
/*!40000 ALTER TABLE `Attacks` ENABLE KEYS */;
UNLOCK TABLES;

--
-- Table structure for table `Fights`
--

DROP TABLE IF EXISTS `Fights`;
/*!40101 SET @saved_cs_client     = @@character_set_client */;
/*!50503 SET character_set_client = utf8mb4 */;
CREATE TABLE `Fights` (
  `fight_id` int(11) NOT NULL AUTO_INCREMENT,
  `rounds` int(11) DEFAULT NULL,
  `price` int(11) DEFAULT NULL,
  `winner` varchar(255) NOT NULL,
  `loser` varchar(255) NOT NULL,
  `created_at` datetime DEFAULT NULL,
  PRIMARY KEY (`fight_id`),
  KEY `winner` (`winner`),
  KEY `loser` (`loser`),
  CONSTRAINT `Fights_ibfk_1` FOREIGN KEY (`winner`) REFERENCES `Users` (`username`),
  CONSTRAINT `Fights_ibfk_2` FOREIGN KEY (`loser`) REFERENCES `Users` (`username`)
) ENGINE=InnoDB AUTO_INCREMENT=14 DEFAULT CHARSET=utf8mb4;
/*!40101 SET character_set_client = @saved_cs_client */;

--
-- Dumping data for table `Fights`
--

LOCK TABLES `Fights` WRITE;
/*!40000 ALTER TABLE `Fights` DISABLE KEYS */;
INSERT INTO `Fights` VALUES (1,5,300,'Pflegusch','alice','2021-12-26 18:18:05'),(2,5,300,'Pflegusch','alice','2021-12-26 18:19:03'),(3,15,300,'Pflegusch','alice','2021-12-26 18:24:38'),(4,9,300,'Pflegusch','alice','2021-12-26 18:25:23'),(5,13,300,'Pflegusch','alice','2021-12-26 18:28:06'),(6,7,300,'Pflegusch','alice','2021-12-26 18:56:29'),(7,5,300,'Pflegusch','alice','2021-12-26 19:13:34'),(8,7,300,'Pflegusch','alice','2021-12-26 19:15:21'),(9,4,300,'alice','Pflegusch','2021-12-26 19:17:33'),(10,3,300,'alice','Pflegusch','2021-12-26 19:19:43'),(11,2,300,'alice','Pflegusch','2021-12-26 19:21:00'),(12,11,300,'Pflegusch','alice','2021-12-26 19:21:55'),(13,14,300,'alice','alice','2021-12-26 19:49:33');
/*!40000 ALTER TABLE `Fights` ENABLE KEYS */;
UNLOCK TABLES;

--
-- Table structure for table `Pokemons`
--

DROP TABLE IF EXISTS `Pokemons`;
/*!40101 SET @saved_cs_client     = @@character_set_client */;
/*!50503 SET character_set_client = utf8mb4 */;
CREATE TABLE `Pokemons` (
  `pokemon_id` int(11) NOT NULL AUTO_INCREMENT,
  `name` varchar(255) NOT NULL,
  `lv` int(11) NOT NULL,
  `hp` int(11) NOT NULL,
  `speed` int(11) NOT NULL,
  `type` varchar(255) NOT NULL,
  `weakness` varchar(255) NOT NULL,
  `attack_1` varchar(255) NOT NULL,
  `attack_2` varchar(255) NOT NULL,
  `attack_3` varchar(255) NOT NULL,
  `attack_4` varchar(255) NOT NULL,
  `owner` varchar(255) DEFAULT NULL,
  PRIMARY KEY (`pokemon_id`),
  KEY `attack_1` (`attack_1`),
  KEY `attack_2` (`attack_2`),
  KEY `attack_3` (`attack_3`),
  KEY `attack_4` (`attack_4`),
  KEY `owner` (`owner`),
  CONSTRAINT `Pokemons_ibfk_1` FOREIGN KEY (`attack_1`) REFERENCES `Attacks` (`name`),
  CONSTRAINT `Pokemons_ibfk_2` FOREIGN KEY (`attack_2`) REFERENCES `Attacks` (`name`),
  CONSTRAINT `Pokemons_ibfk_3` FOREIGN KEY (`attack_3`) REFERENCES `Attacks` (`name`),
  CONSTRAINT `Pokemons_ibfk_4` FOREIGN KEY (`attack_4`) REFERENCES `Attacks` (`name`),
  CONSTRAINT `Pokemons_ibfk_5` FOREIGN KEY (`owner`) REFERENCES `Users` (`username`)
) ENGINE=InnoDB AUTO_INCREMENT=498 DEFAULT CHARSET=utf8mb4;
/*!40101 SET character_set_client = @saved_cs_client */;

--
-- Dumping data for table `Pokemons`
--

LOCK TABLES `Pokemons` WRITE;
/*!40000 ALTER TABLE `Pokemons` DISABLE KEYS */;
INSERT INTO `Pokemons` VALUES (1,'Glumanda',70,280,180,'Fire,Earth','Water','Fire Blast','Heatwave','Hyper Beam','Blast Burn','Pflegusch'),(2,'Groudon',90,380,200,'Earth','Water','Hyper Beam','Flamethrower','Thunder','Earthquake','Pflegusch'),(3,'Glurak',80,360,125,'Fire,Earth','Water','Blast Burn','Blaze Kick','Earthquake','Fire Blast','alice'),(4,'Bella',1,1,1,'TODO','TODO','PLACEHOLDER','PLACEHOLDER','PLACEHOLDER','PLACEHOLDER',NULL),(5,'Bulbasaur',1,1,1,'TODO','TODO','PLACEHOLDER','PLACEHOLDER','PLACEHOLDER','PLACEHOLDER',NULL),(6,'Ivysaur',1,1,1,'TODO','TODO','PLACEHOLDER','PLACEHOLDER','PLACEHOLDER','PLACEHOLDER',NULL),(7,'Venusaur',1,1,1,'TODO','TODO','PLACEHOLDER','PLACEHOLDER','PLACEHOLDER','PLACEHOLDER',NULL),(8,'Charmander',1,1,1,'TODO','TODO','PLACEHOLDER','PLACEHOLDER','PLACEHOLDER','PLACEHOLDER',NULL),(9,'Charmeleon',1,1,1,'TODO','TODO','PLACEHOLDER','PLACEHOLDER','PLACEHOLDER','PLACEHOLDER',NULL),(10,'Charizard',1,1,1,'TODO','TODO','PLACEHOLDER','PLACEHOLDER','PLACEHOLDER','PLACEHOLDER',NULL),(11,'Squirtle',1,1,1,'TODO','TODO','PLACEHOLDER','PLACEHOLDER','PLACEHOLDER','PLACEHOLDER',NULL),(12,'Wartortle',1,1,1,'TODO','TODO','PLACEHOLDER','PLACEHOLDER','PLACEHOLDER','PLACEHOLDER',NULL),(13,'Blastoise',1,1,1,'TODO','TODO','PLACEHOLDER','PLACEHOLDER','PLACEHOLDER','PLACEHOLDER',NULL),(14,'Caterpie',1,1,1,'TODO','TODO','PLACEHOLDER','PLACEHOLDER','PLACEHOLDER','PLACEHOLDER',NULL),(15,'Metapod',1,1,1,'TODO','TODO','PLACEHOLDER','PLACEHOLDER','PLACEHOLDER','PLACEHOLDER',NULL),(16,'Butterfree',1,1,1,'TODO','TODO','PLACEHOLDER','PLACEHOLDER','PLACEHOLDER','PLACEHOLDER',NULL),(17,'Weedle',1,1,1,'TODO','TODO','PLACEHOLDER','PLACEHOLDER','PLACEHOLDER','PLACEHOLDER',NULL),(18,'Kakuna',1,1,1,'TODO','TODO','PLACEHOLDER','PLACEHOLDER','PLACEHOLDER','PLACEHOLDER',NULL),(19,'Beedrill',1,1,1,'TODO','TODO','PLACEHOLDER','PLACEHOLDER','PLACEHOLDER','PLACEHOLDER',NULL),(20,'Pidgey',1,1,1,'TODO','TODO','PLACEHOLDER','PLACEHOLDER','PLACEHOLDER','PLACEHOLDER',NULL),(21,'Pidgeotto',1,1,1,'TODO','TODO','PLACEHOLDER','PLACEHOLDER','PLACEHOLDER','PLACEHOLDER',NULL),(22,'Pidgeot',1,1,1,'TODO','TODO','PLACEHOLDER','PLACEHOLDER','PLACEHOLDER','PLACEHOLDER',NULL),(23,'Rattata',1,1,1,'TODO','TODO','PLACEHOLDER','PLACEHOLDER','PLACEHOLDER','PLACEHOLDER',NULL),(24,'Raticate',1,1,1,'TODO','TODO','PLACEHOLDER','PLACEHOLDER','PLACEHOLDER','PLACEHOLDER',NULL),(25,'Spearow',1,1,1,'TODO','TODO','PLACEHOLDER','PLACEHOLDER','PLACEHOLDER','PLACEHOLDER',NULL),(26,'Fearow',1,1,1,'TODO','TODO','PLACEHOLDER','PLACEHOLDER','PLACEHOLDER','PLACEHOLDER',NULL),(27,'Ekans',1,1,1,'TODO','TODO','PLACEHOLDER','PLACEHOLDER','PLACEHOLDER','PLACEHOLDER',NULL),(28,'Arbok',1,1,1,'TODO','TODO','PLACEHOLDER','PLACEHOLDER','PLACEHOLDER','PLACEHOLDER',NULL),(29,'Pikachu',1,1,1,'TODO','TODO','PLACEHOLDER','PLACEHOLDER','PLACEHOLDER','PLACEHOLDER',NULL),(30,'Raichu',1,1,1,'TODO','TODO','PLACEHOLDER','PLACEHOLDER','PLACEHOLDER','PLACEHOLDER',NULL),(31,'Sandshrew',1,1,1,'TODO','TODO','PLACEHOLDER','PLACEHOLDER','PLACEHOLDER','PLACEHOLDER',NULL),(32,'Sandslash',1,1,1,'TODO','TODO','PLACEHOLDER','PLACEHOLDER','PLACEHOLDER','PLACEHOLDER',NULL),(33,'Nidoran♀',1,1,1,'TODO','TODO','PLACEHOLDER','PLACEHOLDER','PLACEHOLDER','PLACEHOLDER',NULL),(34,'Nidorina',1,1,1,'TODO','TODO','PLACEHOLDER','PLACEHOLDER','PLACEHOLDER','PLACEHOLDER',NULL),(35,'Nidoqueen',1,1,1,'TODO','TODO','PLACEHOLDER','PLACEHOLDER','PLACEHOLDER','PLACEHOLDER',NULL),(36,'Nidoran♂',1,1,1,'TODO','TODO','PLACEHOLDER','PLACEHOLDER','PLACEHOLDER','PLACEHOLDER',NULL),(37,'Nidorino',1,1,1,'TODO','TODO','PLACEHOLDER','PLACEHOLDER','PLACEHOLDER','PLACEHOLDER',NULL),(38,'Nidoking',1,1,1,'TODO','TODO','PLACEHOLDER','PLACEHOLDER','PLACEHOLDER','PLACEHOLDER',NULL),(39,'Clefairy',1,1,1,'TODO','TODO','PLACEHOLDER','PLACEHOLDER','PLACEHOLDER','PLACEHOLDER',NULL),(40,'Clefable',1,1,1,'TODO','TODO','PLACEHOLDER','PLACEHOLDER','PLACEHOLDER','PLACEHOLDER',NULL),(41,'Vulpix',1,1,1,'TODO','TODO','PLACEHOLDER','PLACEHOLDER','PLACEHOLDER','PLACEHOLDER',NULL),(42,'Ninetales',1,1,1,'TODO','TODO','PLACEHOLDER','PLACEHOLDER','PLACEHOLDER','PLACEHOLDER',NULL),(43,'Jigglypuff',1,1,1,'TODO','TODO','PLACEHOLDER','PLACEHOLDER','PLACEHOLDER','PLACEHOLDER',NULL),(44,'Wigglytuff',1,1,1,'TODO','TODO','PLACEHOLDER','PLACEHOLDER','PLACEHOLDER','PLACEHOLDER',NULL),(45,'Zubat',1,1,1,'TODO','TODO','PLACEHOLDER','PLACEHOLDER','PLACEHOLDER','PLACEHOLDER',NULL),(46,'Golbat',1,1,1,'TODO','TODO','PLACEHOLDER','PLACEHOLDER','PLACEHOLDER','PLACEHOLDER',NULL),(47,'Oddish',1,1,1,'TODO','TODO','PLACEHOLDER','PLACEHOLDER','PLACEHOLDER','PLACEHOLDER',NULL),(48,'Gloom',1,1,1,'TODO','TODO','PLACEHOLDER','PLACEHOLDER','PLACEHOLDER','PLACEHOLDER',NULL),(49,'Vileplume',1,1,1,'TODO','TODO','PLACEHOLDER','PLACEHOLDER','PLACEHOLDER','PLACEHOLDER',NULL),(50,'Paras',1,1,1,'TODO','TODO','PLACEHOLDER','PLACEHOLDER','PLACEHOLDER','PLACEHOLDER',NULL),(51,'Parasect',1,1,1,'TODO','TODO','PLACEHOLDER','PLACEHOLDER','PLACEHOLDER','PLACEHOLDER',NULL),(52,'Venonat',1,1,1,'TODO','TODO','PLACEHOLDER','PLACEHOLDER','PLACEHOLDER','PLACEHOLDER',NULL),(53,'Venomoth',1,1,1,'TODO','TODO','PLACEHOLDER','PLACEHOLDER','PLACEHOLDER','PLACEHOLDER',NULL),(54,'Diglett',1,1,1,'TODO','TODO','PLACEHOLDER','PLACEHOLDER','PLACEHOLDER','PLACEHOLDER',NULL),(55,'Dugtrio',1,1,1,'TODO','TODO','PLACEHOLDER','PLACEHOLDER','PLACEHOLDER','PLACEHOLDER',NULL),(56,'Meowth',1,1,1,'TODO','TODO','PLACEHOLDER','PLACEHOLDER','PLACEHOLDER','PLACEHOLDER',NULL),(57,'Persian',1,1,1,'TODO','TODO','PLACEHOLDER','PLACEHOLDER','PLACEHOLDER','PLACEHOLDER',NULL),(58,'Psyduck',1,1,1,'TODO','TODO','PLACEHOLDER','PLACEHOLDER','PLACEHOLDER','PLACEHOLDER',NULL),(59,'Golduck',1,1,1,'TODO','TODO','PLACEHOLDER','PLACEHOLDER','PLACEHOLDER','PLACEHOLDER',NULL),(60,'Mankey',1,1,1,'TODO','TODO','PLACEHOLDER','PLACEHOLDER','PLACEHOLDER','PLACEHOLDER',NULL),(61,'Primeape',1,1,1,'TODO','TODO','PLACEHOLDER','PLACEHOLDER','PLACEHOLDER','PLACEHOLDER',NULL),(62,'Growlithe',1,1,1,'TODO','TODO','PLACEHOLDER','PLACEHOLDER','PLACEHOLDER','PLACEHOLDER',NULL),(63,'Arcanine',1,1,1,'TODO','TODO','PLACEHOLDER','PLACEHOLDER','PLACEHOLDER','PLACEHOLDER',NULL),(64,'Poliwag',1,1,1,'TODO','TODO','PLACEHOLDER','PLACEHOLDER','PLACEHOLDER','PLACEHOLDER',NULL),(65,'Poliwhirl',1,1,1,'TODO','TODO','PLACEHOLDER','PLACEHOLDER','PLACEHOLDER','PLACEHOLDER',NULL),(66,'Poliwrath',1,1,1,'TODO','TODO','PLACEHOLDER','PLACEHOLDER','PLACEHOLDER','PLACEHOLDER',NULL),(67,'Abra',1,1,1,'TODO','TODO','PLACEHOLDER','PLACEHOLDER','PLACEHOLDER','PLACEHOLDER',NULL),(68,'Kadabra',1,1,1,'TODO','TODO','PLACEHOLDER','PLACEHOLDER','PLACEHOLDER','PLACEHOLDER',NULL),(69,'Alakazam',1,1,1,'TODO','TODO','PLACEHOLDER','PLACEHOLDER','PLACEHOLDER','PLACEHOLDER',NULL),(70,'Machop',1,1,1,'TODO','TODO','PLACEHOLDER','PLACEHOLDER','PLACEHOLDER','PLACEHOLDER',NULL),(71,'Machoke',1,1,1,'TODO','TODO','PLACEHOLDER','PLACEHOLDER','PLACEHOLDER','PLACEHOLDER',NULL),(72,'Machamp',1,1,1,'TODO','TODO','PLACEHOLDER','PLACEHOLDER','PLACEHOLDER','PLACEHOLDER',NULL),(73,'Bellsprout',1,1,1,'TODO','TODO','PLACEHOLDER','PLACEHOLDER','PLACEHOLDER','PLACEHOLDER',NULL),(74,'Weepinbell',1,1,1,'TODO','TODO','PLACEHOLDER','PLACEHOLDER','PLACEHOLDER','PLACEHOLDER',NULL),(75,'Victreebel',1,1,1,'TODO','TODO','PLACEHOLDER','PLACEHOLDER','PLACEHOLDER','PLACEHOLDER',NULL),(76,'Tentacool',1,1,1,'TODO','TODO','PLACEHOLDER','PLACEHOLDER','PLACEHOLDER','PLACEHOLDER',NULL),(77,'Tentacruel',1,1,1,'TODO','TODO','PLACEHOLDER','PLACEHOLDER','PLACEHOLDER','PLACEHOLDER',NULL),(78,'Geodude',1,1,1,'TODO','TODO','PLACEHOLDER','PLACEHOLDER','PLACEHOLDER','PLACEHOLDER',NULL),(79,'Graveler',1,1,1,'TODO','TODO','PLACEHOLDER','PLACEHOLDER','PLACEHOLDER','PLACEHOLDER',NULL),(80,'Golem',1,1,1,'TODO','TODO','PLACEHOLDER','PLACEHOLDER','PLACEHOLDER','PLACEHOLDER',NULL),(81,'Ponyta',1,1,1,'TODO','TODO','PLACEHOLDER','PLACEHOLDER','PLACEHOLDER','PLACEHOLDER',NULL),(82,'Rapidash',1,1,1,'TODO','TODO','PLACEHOLDER','PLACEHOLDER','PLACEHOLDER','PLACEHOLDER',NULL),(83,'Slowpoke',1,1,1,'TODO','TODO','PLACEHOLDER','PLACEHOLDER','PLACEHOLDER','PLACEHOLDER',NULL),(84,'Slowbro',1,1,1,'TODO','TODO','PLACEHOLDER','PLACEHOLDER','PLACEHOLDER','PLACEHOLDER',NULL),(85,'Magnemite',1,1,1,'TODO','TODO','PLACEHOLDER','PLACEHOLDER','PLACEHOLDER','PLACEHOLDER',NULL),(86,'Magneton',1,1,1,'TODO','TODO','PLACEHOLDER','PLACEHOLDER','PLACEHOLDER','PLACEHOLDER',NULL),(87,'Farfetch’d',1,1,1,'TODO','TODO','PLACEHOLDER','PLACEHOLDER','PLACEHOLDER','PLACEHOLDER',NULL),(88,'Doduo',1,1,1,'TODO','TODO','PLACEHOLDER','PLACEHOLDER','PLACEHOLDER','PLACEHOLDER',NULL),(89,'Dodrio',1,1,1,'TODO','TODO','PLACEHOLDER','PLACEHOLDER','PLACEHOLDER','PLACEHOLDER',NULL),(90,'Seel',1,1,1,'TODO','TODO','PLACEHOLDER','PLACEHOLDER','PLACEHOLDER','PLACEHOLDER',NULL),(91,'Dewgong',1,1,1,'TODO','TODO','PLACEHOLDER','PLACEHOLDER','PLACEHOLDER','PLACEHOLDER',NULL),(92,'Grimer',1,1,1,'TODO','TODO','PLACEHOLDER','PLACEHOLDER','PLACEHOLDER','PLACEHOLDER',NULL),(93,'Muk',1,1,1,'TODO','TODO','PLACEHOLDER','PLACEHOLDER','PLACEHOLDER','PLACEHOLDER',NULL),(94,'Shellder',1,1,1,'TODO','TODO','PLACEHOLDER','PLACEHOLDER','PLACEHOLDER','PLACEHOLDER',NULL),(95,'Cloyster',1,1,1,'TODO','TODO','PLACEHOLDER','PLACEHOLDER','PLACEHOLDER','PLACEHOLDER',NULL),(96,'Gastly',1,1,1,'TODO','TODO','PLACEHOLDER','PLACEHOLDER','PLACEHOLDER','PLACEHOLDER',NULL),(97,'Haunter',1,1,1,'TODO','TODO','PLACEHOLDER','PLACEHOLDER','PLACEHOLDER','PLACEHOLDER',NULL),(98,'Gengar',1,1,1,'TODO','TODO','PLACEHOLDER','PLACEHOLDER','PLACEHOLDER','PLACEHOLDER',NULL),(99,'Onix',1,1,1,'TODO','TODO','PLACEHOLDER','PLACEHOLDER','PLACEHOLDER','PLACEHOLDER',NULL),(100,'Drowzee',1,1,1,'TODO','TODO','PLACEHOLDER','PLACEHOLDER','PLACEHOLDER','PLACEHOLDER',NULL),(101,'Hypno',1,1,1,'TODO','TODO','PLACEHOLDER','PLACEHOLDER','PLACEHOLDER','PLACEHOLDER',NULL),(102,'Krabby',1,1,1,'TODO','TODO','PLACEHOLDER','PLACEHOLDER','PLACEHOLDER','PLACEHOLDER',NULL),(103,'Kingler',1,1,1,'TODO','TODO','PLACEHOLDER','PLACEHOLDER','PLACEHOLDER','PLACEHOLDER',NULL),(104,'Voltorb',1,1,1,'TODO','TODO','PLACEHOLDER','PLACEHOLDER','PLACEHOLDER','PLACEHOLDER',NULL),(105,'Electrode',1,1,1,'TODO','TODO','PLACEHOLDER','PLACEHOLDER','PLACEHOLDER','PLACEHOLDER',NULL),(106,'Exeggcute',1,1,1,'TODO','TODO','PLACEHOLDER','PLACEHOLDER','PLACEHOLDER','PLACEHOLDER',NULL),(107,'Exeggutor',1,1,1,'TODO','TODO','PLACEHOLDER','PLACEHOLDER','PLACEHOLDER','PLACEHOLDER',NULL),(108,'Cubone',1,1,1,'TODO','TODO','PLACEHOLDER','PLACEHOLDER','PLACEHOLDER','PLACEHOLDER',NULL),(109,'Marowak',1,1,1,'TODO','TODO','PLACEHOLDER','PLACEHOLDER','PLACEHOLDER','PLACEHOLDER',NULL),(110,'Hitmonlee',1,1,1,'TODO','TODO','PLACEHOLDER','PLACEHOLDER','PLACEHOLDER','PLACEHOLDER',NULL),(111,'Hitmonchan',1,1,1,'TODO','TODO','PLACEHOLDER','PLACEHOLDER','PLACEHOLDER','PLACEHOLDER',NULL),(112,'Lickitung',1,1,1,'TODO','TODO','PLACEHOLDER','PLACEHOLDER','PLACEHOLDER','PLACEHOLDER',NULL),(113,'Koffing',1,1,1,'TODO','TODO','PLACEHOLDER','PLACEHOLDER','PLACEHOLDER','PLACEHOLDER',NULL),(114,'Weezing',1,1,1,'TODO','TODO','PLACEHOLDER','PLACEHOLDER','PLACEHOLDER','PLACEHOLDER',NULL),(115,'Rhyhorn',1,1,1,'TODO','TODO','PLACEHOLDER','PLACEHOLDER','PLACEHOLDER','PLACEHOLDER',NULL),(116,'Rhydon',1,1,1,'TODO','TODO','PLACEHOLDER','PLACEHOLDER','PLACEHOLDER','PLACEHOLDER',NULL),(117,'Chansey',1,1,1,'TODO','TODO','PLACEHOLDER','PLACEHOLDER','PLACEHOLDER','PLACEHOLDER',NULL),(118,'Tangela',1,1,1,'TODO','TODO','PLACEHOLDER','PLACEHOLDER','PLACEHOLDER','PLACEHOLDER',NULL),(119,'Kangaskhan',1,1,1,'TODO','TODO','PLACEHOLDER','PLACEHOLDER','PLACEHOLDER','PLACEHOLDER',NULL),(120,'Horsea',1,1,1,'TODO','TODO','PLACEHOLDER','PLACEHOLDER','PLACEHOLDER','PLACEHOLDER',NULL),(121,'Seadra',1,1,1,'TODO','TODO','PLACEHOLDER','PLACEHOLDER','PLACEHOLDER','PLACEHOLDER',NULL),(122,'Goldeen',1,1,1,'TODO','TODO','PLACEHOLDER','PLACEHOLDER','PLACEHOLDER','PLACEHOLDER',NULL),(123,'Seaking',1,1,1,'TODO','TODO','PLACEHOLDER','PLACEHOLDER','PLACEHOLDER','PLACEHOLDER',NULL),(124,'Staryu',1,1,1,'TODO','TODO','PLACEHOLDER','PLACEHOLDER','PLACEHOLDER','PLACEHOLDER',NULL),(125,'Starmie',1,1,1,'TODO','TODO','PLACEHOLDER','PLACEHOLDER','PLACEHOLDER','PLACEHOLDER',NULL),(126,'Mr. Mime',1,1,1,'TODO','TODO','PLACEHOLDER','PLACEHOLDER','PLACEHOLDER','PLACEHOLDER',NULL),(127,'Scyther',1,1,1,'TODO','TODO','PLACEHOLDER','PLACEHOLDER','PLACEHOLDER','PLACEHOLDER',NULL),(128,'Jynx',1,1,1,'TODO','TODO','PLACEHOLDER','PLACEHOLDER','PLACEHOLDER','PLACEHOLDER',NULL),(129,'Electabuzz',1,1,1,'TODO','TODO','PLACEHOLDER','PLACEHOLDER','PLACEHOLDER','PLACEHOLDER',NULL),(130,'Magmar',1,1,1,'TODO','TODO','PLACEHOLDER','PLACEHOLDER','PLACEHOLDER','PLACEHOLDER',NULL),(131,'Pinsir',1,1,1,'TODO','TODO','PLACEHOLDER','PLACEHOLDER','PLACEHOLDER','PLACEHOLDER',NULL),(132,'Tauros',1,1,1,'TODO','TODO','PLACEHOLDER','PLACEHOLDER','PLACEHOLDER','PLACEHOLDER',NULL),(133,'Magikarp',1,1,1,'TODO','TODO','PLACEHOLDER','PLACEHOLDER','PLACEHOLDER','PLACEHOLDER',NULL),(134,'Gyarados',1,1,1,'TODO','TODO','PLACEHOLDER','PLACEHOLDER','PLACEHOLDER','PLACEHOLDER',NULL),(135,'Lapras',1,1,1,'TODO','TODO','PLACEHOLDER','PLACEHOLDER','PLACEHOLDER','PLACEHOLDER',NULL),(136,'Ditto',1,1,1,'TODO','TODO','PLACEHOLDER','PLACEHOLDER','PLACEHOLDER','PLACEHOLDER',NULL),(137,'Eevee',1,1,1,'TODO','TODO','PLACEHOLDER','PLACEHOLDER','PLACEHOLDER','PLACEHOLDER',NULL),(138,'Vaporeon',1,1,1,'TODO','TODO','PLACEHOLDER','PLACEHOLDER','PLACEHOLDER','PLACEHOLDER',NULL),(139,'Jolteon',1,1,1,'TODO','TODO','PLACEHOLDER','PLACEHOLDER','PLACEHOLDER','PLACEHOLDER',NULL),(140,'Flareon',1,1,1,'TODO','TODO','PLACEHOLDER','PLACEHOLDER','PLACEHOLDER','PLACEHOLDER',NULL),(141,'Porygon',1,1,1,'TODO','TODO','PLACEHOLDER','PLACEHOLDER','PLACEHOLDER','PLACEHOLDER',NULL),(142,'Omanyte',1,1,1,'TODO','TODO','PLACEHOLDER','PLACEHOLDER','PLACEHOLDER','PLACEHOLDER',NULL),(143,'Omastar',1,1,1,'TODO','TODO','PLACEHOLDER','PLACEHOLDER','PLACEHOLDER','PLACEHOLDER',NULL),(144,'Kabuto',1,1,1,'TODO','TODO','PLACEHOLDER','PLACEHOLDER','PLACEHOLDER','PLACEHOLDER',NULL),(145,'Kabutops',1,1,1,'TODO','TODO','PLACEHOLDER','PLACEHOLDER','PLACEHOLDER','PLACEHOLDER',NULL),(146,'Aerodactyl',1,1,1,'TODO','TODO','PLACEHOLDER','PLACEHOLDER','PLACEHOLDER','PLACEHOLDER',NULL),(147,'Snorlax',1,1,1,'TODO','TODO','PLACEHOLDER','PLACEHOLDER','PLACEHOLDER','PLACEHOLDER',NULL),(148,'Articuno',1,1,1,'TODO','TODO','PLACEHOLDER','PLACEHOLDER','PLACEHOLDER','PLACEHOLDER',NULL),(149,'Zapdos',1,1,1,'TODO','TODO','PLACEHOLDER','PLACEHOLDER','PLACEHOLDER','PLACEHOLDER',NULL),(150,'Moltres',1,1,1,'TODO','TODO','PLACEHOLDER','PLACEHOLDER','PLACEHOLDER','PLACEHOLDER',NULL),(151,'Dratini',1,1,1,'TODO','TODO','PLACEHOLDER','PLACEHOLDER','PLACEHOLDER','PLACEHOLDER',NULL),(152,'Dragonair',1,1,1,'TODO','TODO','PLACEHOLDER','PLACEHOLDER','PLACEHOLDER','PLACEHOLDER',NULL),(153,'Dragonite',1,1,1,'TODO','TODO','PLACEHOLDER','PLACEHOLDER','PLACEHOLDER','PLACEHOLDER',NULL),(154,'Mewtwo',1,1,1,'TODO','TODO','PLACEHOLDER','PLACEHOLDER','PLACEHOLDER','PLACEHOLDER',NULL),(155,'Mew',1,1,1,'TODO','TODO','PLACEHOLDER','PLACEHOLDER','PLACEHOLDER','PLACEHOLDER',NULL),(156,'Chikorita',1,1,1,'TODO','TODO','PLACEHOLDER','PLACEHOLDER','PLACEHOLDER','PLACEHOLDER',NULL),(157,'Bayleef',1,1,1,'TODO','TODO','PLACEHOLDER','PLACEHOLDER','PLACEHOLDER','PLACEHOLDER',NULL),(158,'Meganium',1,1,1,'TODO','TODO','PLACEHOLDER','PLACEHOLDER','PLACEHOLDER','PLACEHOLDER',NULL),(159,'Cyndaquil',1,1,1,'TODO','TODO','PLACEHOLDER','PLACEHOLDER','PLACEHOLDER','PLACEHOLDER',NULL),(160,'Quilava',1,1,1,'TODO','TODO','PLACEHOLDER','PLACEHOLDER','PLACEHOLDER','PLACEHOLDER',NULL),(161,'Typhlosion',1,1,1,'TODO','TODO','PLACEHOLDER','PLACEHOLDER','PLACEHOLDER','PLACEHOLDER',NULL),(162,'Totodile',1,1,1,'TODO','TODO','PLACEHOLDER','PLACEHOLDER','PLACEHOLDER','PLACEHOLDER',NULL),(163,'Croconaw',1,1,1,'TODO','TODO','PLACEHOLDER','PLACEHOLDER','PLACEHOLDER','PLACEHOLDER',NULL),(164,'Feraligatr',1,1,1,'TODO','TODO','PLACEHOLDER','PLACEHOLDER','PLACEHOLDER','PLACEHOLDER',NULL),(165,'Sentret',1,1,1,'TODO','TODO','PLACEHOLDER','PLACEHOLDER','PLACEHOLDER','PLACEHOLDER',NULL),(166,'Furret',1,1,1,'TODO','TODO','PLACEHOLDER','PLACEHOLDER','PLACEHOLDER','PLACEHOLDER',NULL),(167,'Hoothoot',1,1,1,'TODO','TODO','PLACEHOLDER','PLACEHOLDER','PLACEHOLDER','PLACEHOLDER',NULL),(168,'Noctowl',1,1,1,'TODO','TODO','PLACEHOLDER','PLACEHOLDER','PLACEHOLDER','PLACEHOLDER',NULL),(169,'Ledyba',1,1,1,'TODO','TODO','PLACEHOLDER','PLACEHOLDER','PLACEHOLDER','PLACEHOLDER',NULL),(170,'Ledian',1,1,1,'TODO','TODO','PLACEHOLDER','PLACEHOLDER','PLACEHOLDER','PLACEHOLDER',NULL),(171,'Spinarak',1,1,1,'TODO','TODO','PLACEHOLDER','PLACEHOLDER','PLACEHOLDER','PLACEHOLDER',NULL),(172,'Ariados',1,1,1,'TODO','TODO','PLACEHOLDER','PLACEHOLDER','PLACEHOLDER','PLACEHOLDER',NULL),(173,'Crobat',1,1,1,'TODO','TODO','PLACEHOLDER','PLACEHOLDER','PLACEHOLDER','PLACEHOLDER',NULL),(174,'Chinchou',1,1,1,'TODO','TODO','PLACEHOLDER','PLACEHOLDER','PLACEHOLDER','PLACEHOLDER',NULL),(175,'Lanturn',1,1,1,'TODO','TODO','PLACEHOLDER','PLACEHOLDER','PLACEHOLDER','PLACEHOLDER',NULL),(176,'Pichu',1,1,1,'TODO','TODO','PLACEHOLDER','PLACEHOLDER','PLACEHOLDER','PLACEHOLDER',NULL),(177,'Cleffa',1,1,1,'TODO','TODO','PLACEHOLDER','PLACEHOLDER','PLACEHOLDER','PLACEHOLDER',NULL),(178,'Igglybuff',1,1,1,'TODO','TODO','PLACEHOLDER','PLACEHOLDER','PLACEHOLDER','PLACEHOLDER',NULL),(179,'Togepi',1,1,1,'TODO','TODO','PLACEHOLDER','PLACEHOLDER','PLACEHOLDER','PLACEHOLDER',NULL),(180,'Togetic',1,1,1,'TODO','TODO','PLACEHOLDER','PLACEHOLDER','PLACEHOLDER','PLACEHOLDER',NULL),(181,'Natu',1,1,1,'TODO','TODO','PLACEHOLDER','PLACEHOLDER','PLACEHOLDER','PLACEHOLDER',NULL),(182,'Xatu',1,1,1,'TODO','TODO','PLACEHOLDER','PLACEHOLDER','PLACEHOLDER','PLACEHOLDER',NULL),(183,'Mareep',1,1,1,'TODO','TODO','PLACEHOLDER','PLACEHOLDER','PLACEHOLDER','PLACEHOLDER',NULL),(184,'Flaaffy',1,1,1,'TODO','TODO','PLACEHOLDER','PLACEHOLDER','PLACEHOLDER','PLACEHOLDER',NULL),(185,'Ampharos',1,1,1,'TODO','TODO','PLACEHOLDER','PLACEHOLDER','PLACEHOLDER','PLACEHOLDER',NULL),(186,'Bellossom',1,1,1,'TODO','TODO','PLACEHOLDER','PLACEHOLDER','PLACEHOLDER','PLACEHOLDER',NULL),(187,'Marill',1,1,1,'TODO','TODO','PLACEHOLDER','PLACEHOLDER','PLACEHOLDER','PLACEHOLDER',NULL),(188,'Azumarill',1,1,1,'TODO','TODO','PLACEHOLDER','PLACEHOLDER','PLACEHOLDER','PLACEHOLDER',NULL),(189,'Sudowoodo',1,1,1,'TODO','TODO','PLACEHOLDER','PLACEHOLDER','PLACEHOLDER','PLACEHOLDER',NULL),(190,'Politoed',1,1,1,'TODO','TODO','PLACEHOLDER','PLACEHOLDER','PLACEHOLDER','PLACEHOLDER',NULL),(191,'Hoppip',1,1,1,'TODO','TODO','PLACEHOLDER','PLACEHOLDER','PLACEHOLDER','PLACEHOLDER',NULL),(192,'Skiploom',1,1,1,'TODO','TODO','PLACEHOLDER','PLACEHOLDER','PLACEHOLDER','PLACEHOLDER',NULL),(193,'Jumpluff',1,1,1,'TODO','TODO','PLACEHOLDER','PLACEHOLDER','PLACEHOLDER','PLACEHOLDER',NULL),(194,'Aipom',1,1,1,'TODO','TODO','PLACEHOLDER','PLACEHOLDER','PLACEHOLDER','PLACEHOLDER',NULL),(195,'Sunkern',1,1,1,'TODO','TODO','PLACEHOLDER','PLACEHOLDER','PLACEHOLDER','PLACEHOLDER',NULL),(196,'Sunflora',1,1,1,'TODO','TODO','PLACEHOLDER','PLACEHOLDER','PLACEHOLDER','PLACEHOLDER',NULL),(197,'Yanma',1,1,1,'TODO','TODO','PLACEHOLDER','PLACEHOLDER','PLACEHOLDER','PLACEHOLDER',NULL),(198,'Wooper',1,1,1,'TODO','TODO','PLACEHOLDER','PLACEHOLDER','PLACEHOLDER','PLACEHOLDER',NULL),(199,'Quagsire',1,1,1,'TODO','TODO','PLACEHOLDER','PLACEHOLDER','PLACEHOLDER','PLACEHOLDER',NULL),(200,'Espeon',1,1,1,'TODO','TODO','PLACEHOLDER','PLACEHOLDER','PLACEHOLDER','PLACEHOLDER',NULL),(201,'Umbreon',1,1,1,'TODO','TODO','PLACEHOLDER','PLACEHOLDER','PLACEHOLDER','PLACEHOLDER',NULL),(202,'Murkrow',1,1,1,'TODO','TODO','PLACEHOLDER','PLACEHOLDER','PLACEHOLDER','PLACEHOLDER',NULL),(203,'Slowking',1,1,1,'TODO','TODO','PLACEHOLDER','PLACEHOLDER','PLACEHOLDER','PLACEHOLDER',NULL),(204,'Misdreavus',1,1,1,'TODO','TODO','PLACEHOLDER','PLACEHOLDER','PLACEHOLDER','PLACEHOLDER',NULL),(205,'Unown',1,1,1,'TODO','TODO','PLACEHOLDER','PLACEHOLDER','PLACEHOLDER','PLACEHOLDER',NULL),(206,'Wobbuffet',1,1,1,'TODO','TODO','PLACEHOLDER','PLACEHOLDER','PLACEHOLDER','PLACEHOLDER',NULL),(207,'Girafarig',1,1,1,'TODO','TODO','PLACEHOLDER','PLACEHOLDER','PLACEHOLDER','PLACEHOLDER',NULL),(208,'Pineco',1,1,1,'TODO','TODO','PLACEHOLDER','PLACEHOLDER','PLACEHOLDER','PLACEHOLDER',NULL),(209,'Forretress',1,1,1,'TODO','TODO','PLACEHOLDER','PLACEHOLDER','PLACEHOLDER','PLACEHOLDER',NULL),(210,'Dunsparce',1,1,1,'TODO','TODO','PLACEHOLDER','PLACEHOLDER','PLACEHOLDER','PLACEHOLDER',NULL),(211,'Gligar',1,1,1,'TODO','TODO','PLACEHOLDER','PLACEHOLDER','PLACEHOLDER','PLACEHOLDER',NULL),(212,'Steelix',1,1,1,'TODO','TODO','PLACEHOLDER','PLACEHOLDER','PLACEHOLDER','PLACEHOLDER',NULL),(213,'Snubbull',1,1,1,'TODO','TODO','PLACEHOLDER','PLACEHOLDER','PLACEHOLDER','PLACEHOLDER',NULL),(214,'Granbull',1,1,1,'TODO','TODO','PLACEHOLDER','PLACEHOLDER','PLACEHOLDER','PLACEHOLDER',NULL),(215,'Qwilfish',1,1,1,'TODO','TODO','PLACEHOLDER','PLACEHOLDER','PLACEHOLDER','PLACEHOLDER',NULL),(216,'Scizor',1,1,1,'TODO','TODO','PLACEHOLDER','PLACEHOLDER','PLACEHOLDER','PLACEHOLDER',NULL),(217,'Shuckle',1,1,1,'TODO','TODO','PLACEHOLDER','PLACEHOLDER','PLACEHOLDER','PLACEHOLDER',NULL),(218,'Heracross',1,1,1,'TODO','TODO','PLACEHOLDER','PLACEHOLDER','PLACEHOLDER','PLACEHOLDER',NULL),(219,'Sneasel',1,1,1,'TODO','TODO','PLACEHOLDER','PLACEHOLDER','PLACEHOLDER','PLACEHOLDER',NULL),(220,'Teddiursa',1,1,1,'TODO','TODO','PLACEHOLDER','PLACEHOLDER','PLACEHOLDER','PLACEHOLDER',NULL),(221,'Ursaring',1,1,1,'TODO','TODO','PLACEHOLDER','PLACEHOLDER','PLACEHOLDER','PLACEHOLDER',NULL),(222,'Slugma',1,1,1,'TODO','TODO','PLACEHOLDER','PLACEHOLDER','PLACEHOLDER','PLACEHOLDER',NULL),(223,'Magcargo',1,1,1,'TODO','TODO','PLACEHOLDER','PLACEHOLDER','PLACEHOLDER','PLACEHOLDER',NULL),(224,'Swinub',1,1,1,'TODO','TODO','PLACEHOLDER','PLACEHOLDER','PLACEHOLDER','PLACEHOLDER',NULL),(225,'Piloswine',1,1,1,'TODO','TODO','PLACEHOLDER','PLACEHOLDER','PLACEHOLDER','PLACEHOLDER',NULL),(226,'Corsola',1,1,1,'TODO','TODO','PLACEHOLDER','PLACEHOLDER','PLACEHOLDER','PLACEHOLDER',NULL),(227,'Remoraid',1,1,1,'TODO','TODO','PLACEHOLDER','PLACEHOLDER','PLACEHOLDER','PLACEHOLDER',NULL),(228,'Octillery',1,1,1,'TODO','TODO','PLACEHOLDER','PLACEHOLDER','PLACEHOLDER','PLACEHOLDER',NULL),(229,'Delibird',1,1,1,'TODO','TODO','PLACEHOLDER','PLACEHOLDER','PLACEHOLDER','PLACEHOLDER',NULL),(230,'Mantine',1,1,1,'TODO','TODO','PLACEHOLDER','PLACEHOLDER','PLACEHOLDER','PLACEHOLDER',NULL),(231,'Skarmory',1,1,1,'TODO','TODO','PLACEHOLDER','PLACEHOLDER','PLACEHOLDER','PLACEHOLDER',NULL),(232,'Houndour',1,1,1,'TODO','TODO','PLACEHOLDER','PLACEHOLDER','PLACEHOLDER','PLACEHOLDER',NULL),(233,'Houndoom',1,1,1,'TODO','TODO','PLACEHOLDER','PLACEHOLDER','PLACEHOLDER','PLACEHOLDER',NULL),(234,'Kingdra',1,1,1,'TODO','TODO','PLACEHOLDER','PLACEHOLDER','PLACEHOLDER','PLACEHOLDER',NULL),(235,'Phanpy',1,1,1,'TODO','TODO','PLACEHOLDER','PLACEHOLDER','PLACEHOLDER','PLACEHOLDER',NULL),(236,'Donphan',1,1,1,'TODO','TODO','PLACEHOLDER','PLACEHOLDER','PLACEHOLDER','PLACEHOLDER',NULL),(237,'Porygon2',1,1,1,'TODO','TODO','PLACEHOLDER','PLACEHOLDER','PLACEHOLDER','PLACEHOLDER',NULL),(238,'Stantler',1,1,1,'TODO','TODO','PLACEHOLDER','PLACEHOLDER','PLACEHOLDER','PLACEHOLDER',NULL),(239,'Smeargle',1,1,1,'TODO','TODO','PLACEHOLDER','PLACEHOLDER','PLACEHOLDER','PLACEHOLDER',NULL),(240,'Tyrogue',1,1,1,'TODO','TODO','PLACEHOLDER','PLACEHOLDER','PLACEHOLDER','PLACEHOLDER',NULL),(241,'Hitmontop',1,1,1,'TODO','TODO','PLACEHOLDER','PLACEHOLDER','PLACEHOLDER','PLACEHOLDER',NULL),(242,'Smoochum',1,1,1,'TODO','TODO','PLACEHOLDER','PLACEHOLDER','PLACEHOLDER','PLACEHOLDER',NULL),(243,'Elekid',1,1,1,'TODO','TODO','PLACEHOLDER','PLACEHOLDER','PLACEHOLDER','PLACEHOLDER',NULL),(244,'Magby',1,1,1,'TODO','TODO','PLACEHOLDER','PLACEHOLDER','PLACEHOLDER','PLACEHOLDER',NULL),(245,'Miltank',1,1,1,'TODO','TODO','PLACEHOLDER','PLACEHOLDER','PLACEHOLDER','PLACEHOLDER',NULL),(246,'Blissey',1,1,1,'TODO','TODO','PLACEHOLDER','PLACEHOLDER','PLACEHOLDER','PLACEHOLDER',NULL),(247,'Raikou',1,1,1,'TODO','TODO','PLACEHOLDER','PLACEHOLDER','PLACEHOLDER','PLACEHOLDER',NULL),(248,'Entei',1,1,1,'TODO','TODO','PLACEHOLDER','PLACEHOLDER','PLACEHOLDER','PLACEHOLDER',NULL),(249,'Suicune',1,1,1,'TODO','TODO','PLACEHOLDER','PLACEHOLDER','PLACEHOLDER','PLACEHOLDER',NULL),(250,'Larvitar',1,1,1,'TODO','TODO','PLACEHOLDER','PLACEHOLDER','PLACEHOLDER','PLACEHOLDER',NULL),(251,'Pupitar',1,1,1,'TODO','TODO','PLACEHOLDER','PLACEHOLDER','PLACEHOLDER','PLACEHOLDER',NULL),(252,'Tyranitar',1,1,1,'TODO','TODO','PLACEHOLDER','PLACEHOLDER','PLACEHOLDER','PLACEHOLDER',NULL),(253,'Lugia',1,1,1,'TODO','TODO','PLACEHOLDER','PLACEHOLDER','PLACEHOLDER','PLACEHOLDER',NULL),(254,'Ho-Oh',1,1,1,'TODO','TODO','PLACEHOLDER','PLACEHOLDER','PLACEHOLDER','PLACEHOLDER',NULL),(255,'Celebi',1,1,1,'TODO','TODO','PLACEHOLDER','PLACEHOLDER','PLACEHOLDER','PLACEHOLDER',NULL),(256,'Treecko',1,1,1,'TODO','TODO','PLACEHOLDER','PLACEHOLDER','PLACEHOLDER','PLACEHOLDER',NULL),(257,'Grovyle',1,1,1,'TODO','TODO','PLACEHOLDER','PLACEHOLDER','PLACEHOLDER','PLACEHOLDER',NULL),(258,'Sceptile',1,1,1,'TODO','TODO','PLACEHOLDER','PLACEHOLDER','PLACEHOLDER','PLACEHOLDER',NULL),(259,'Torchic',1,1,1,'TODO','TODO','PLACEHOLDER','PLACEHOLDER','PLACEHOLDER','PLACEHOLDER',NULL),(260,'Combusken',1,1,1,'TODO','TODO','PLACEHOLDER','PLACEHOLDER','PLACEHOLDER','PLACEHOLDER',NULL),(261,'Blaziken',1,1,1,'TODO','TODO','PLACEHOLDER','PLACEHOLDER','PLACEHOLDER','PLACEHOLDER',NULL),(262,'Mudkip',1,1,1,'TODO','TODO','PLACEHOLDER','PLACEHOLDER','PLACEHOLDER','PLACEHOLDER',NULL),(263,'Marshtomp',1,1,1,'TODO','TODO','PLACEHOLDER','PLACEHOLDER','PLACEHOLDER','PLACEHOLDER',NULL),(264,'Swampert',1,1,1,'TODO','TODO','PLACEHOLDER','PLACEHOLDER','PLACEHOLDER','PLACEHOLDER',NULL),(265,'Poochyena',1,1,1,'TODO','TODO','PLACEHOLDER','PLACEHOLDER','PLACEHOLDER','PLACEHOLDER',NULL),(266,'Mightyena',1,1,1,'TODO','TODO','PLACEHOLDER','PLACEHOLDER','PLACEHOLDER','PLACEHOLDER',NULL),(267,'Zigzagoon',1,1,1,'TODO','TODO','PLACEHOLDER','PLACEHOLDER','PLACEHOLDER','PLACEHOLDER',NULL),(268,'Linoone',1,1,1,'TODO','TODO','PLACEHOLDER','PLACEHOLDER','PLACEHOLDER','PLACEHOLDER',NULL),(269,'Wurmple',1,1,1,'TODO','TODO','PLACEHOLDER','PLACEHOLDER','PLACEHOLDER','PLACEHOLDER',NULL),(270,'Silcoon',1,1,1,'TODO','TODO','PLACEHOLDER','PLACEHOLDER','PLACEHOLDER','PLACEHOLDER',NULL),(271,'Beautifly',1,1,1,'TODO','TODO','PLACEHOLDER','PLACEHOLDER','PLACEHOLDER','PLACEHOLDER',NULL),(272,'Cascoon',1,1,1,'TODO','TODO','PLACEHOLDER','PLACEHOLDER','PLACEHOLDER','PLACEHOLDER',NULL),(273,'Dustox',1,1,1,'TODO','TODO','PLACEHOLDER','PLACEHOLDER','PLACEHOLDER','PLACEHOLDER',NULL),(274,'Lotad',1,1,1,'TODO','TODO','PLACEHOLDER','PLACEHOLDER','PLACEHOLDER','PLACEHOLDER',NULL),(275,'Lombre',1,1,1,'TODO','TODO','PLACEHOLDER','PLACEHOLDER','PLACEHOLDER','PLACEHOLDER',NULL),(276,'Ludicolo',1,1,1,'TODO','TODO','PLACEHOLDER','PLACEHOLDER','PLACEHOLDER','PLACEHOLDER',NULL),(277,'Seedot',1,1,1,'TODO','TODO','PLACEHOLDER','PLACEHOLDER','PLACEHOLDER','PLACEHOLDER',NULL),(278,'Nuzleaf',1,1,1,'TODO','TODO','PLACEHOLDER','PLACEHOLDER','PLACEHOLDER','PLACEHOLDER',NULL),(279,'Shiftry',1,1,1,'TODO','TODO','PLACEHOLDER','PLACEHOLDER','PLACEHOLDER','PLACEHOLDER',NULL),(280,'Taillow',1,1,1,'TODO','TODO','PLACEHOLDER','PLACEHOLDER','PLACEHOLDER','PLACEHOLDER',NULL),(281,'Swellow',1,1,1,'TODO','TODO','PLACEHOLDER','PLACEHOLDER','PLACEHOLDER','PLACEHOLDER',NULL),(282,'Wingull',1,1,1,'TODO','TODO','PLACEHOLDER','PLACEHOLDER','PLACEHOLDER','PLACEHOLDER',NULL),(283,'Pelipper',1,1,1,'TODO','TODO','PLACEHOLDER','PLACEHOLDER','PLACEHOLDER','PLACEHOLDER',NULL),(284,'Ralts',1,1,1,'TODO','TODO','PLACEHOLDER','PLACEHOLDER','PLACEHOLDER','PLACEHOLDER',NULL),(285,'Kirlia',1,1,1,'TODO','TODO','PLACEHOLDER','PLACEHOLDER','PLACEHOLDER','PLACEHOLDER',NULL),(286,'Gardevoir',1,1,1,'TODO','TODO','PLACEHOLDER','PLACEHOLDER','PLACEHOLDER','PLACEHOLDER',NULL),(287,'Surskit',1,1,1,'TODO','TODO','PLACEHOLDER','PLACEHOLDER','PLACEHOLDER','PLACEHOLDER',NULL),(288,'Masquerain',1,1,1,'TODO','TODO','PLACEHOLDER','PLACEHOLDER','PLACEHOLDER','PLACEHOLDER',NULL),(289,'Shroomish',1,1,1,'TODO','TODO','PLACEHOLDER','PLACEHOLDER','PLACEHOLDER','PLACEHOLDER',NULL),(290,'Breloom',1,1,1,'TODO','TODO','PLACEHOLDER','PLACEHOLDER','PLACEHOLDER','PLACEHOLDER',NULL),(291,'Slakoth',1,1,1,'TODO','TODO','PLACEHOLDER','PLACEHOLDER','PLACEHOLDER','PLACEHOLDER',NULL),(292,'Vigoroth',1,1,1,'TODO','TODO','PLACEHOLDER','PLACEHOLDER','PLACEHOLDER','PLACEHOLDER',NULL),(293,'Slaking',1,1,1,'TODO','TODO','PLACEHOLDER','PLACEHOLDER','PLACEHOLDER','PLACEHOLDER',NULL),(294,'Nincada',1,1,1,'TODO','TODO','PLACEHOLDER','PLACEHOLDER','PLACEHOLDER','PLACEHOLDER',NULL),(295,'Ninjask',1,1,1,'TODO','TODO','PLACEHOLDER','PLACEHOLDER','PLACEHOLDER','PLACEHOLDER',NULL),(296,'Shedinja',1,1,1,'TODO','TODO','PLACEHOLDER','PLACEHOLDER','PLACEHOLDER','PLACEHOLDER',NULL),(297,'Whismur',1,1,1,'TODO','TODO','PLACEHOLDER','PLACEHOLDER','PLACEHOLDER','PLACEHOLDER',NULL),(298,'Loudred',1,1,1,'TODO','TODO','PLACEHOLDER','PLACEHOLDER','PLACEHOLDER','PLACEHOLDER',NULL),(299,'Exploud',1,1,1,'TODO','TODO','PLACEHOLDER','PLACEHOLDER','PLACEHOLDER','PLACEHOLDER',NULL),(300,'Makuhita',1,1,1,'TODO','TODO','PLACEHOLDER','PLACEHOLDER','PLACEHOLDER','PLACEHOLDER',NULL),(301,'Hariyama',1,1,1,'TODO','TODO','PLACEHOLDER','PLACEHOLDER','PLACEHOLDER','PLACEHOLDER',NULL),(302,'Azurill',1,1,1,'TODO','TODO','PLACEHOLDER','PLACEHOLDER','PLACEHOLDER','PLACEHOLDER',NULL),(303,'Nosepass',1,1,1,'TODO','TODO','PLACEHOLDER','PLACEHOLDER','PLACEHOLDER','PLACEHOLDER',NULL),(304,'Skitty',1,1,1,'TODO','TODO','PLACEHOLDER','PLACEHOLDER','PLACEHOLDER','PLACEHOLDER',NULL),(305,'Delcatty',1,1,1,'TODO','TODO','PLACEHOLDER','PLACEHOLDER','PLACEHOLDER','PLACEHOLDER',NULL),(306,'Sableye',1,1,1,'TODO','TODO','PLACEHOLDER','PLACEHOLDER','PLACEHOLDER','PLACEHOLDER',NULL),(307,'Mawile',1,1,1,'TODO','TODO','PLACEHOLDER','PLACEHOLDER','PLACEHOLDER','PLACEHOLDER',NULL),(308,'Aron',1,1,1,'TODO','TODO','PLACEHOLDER','PLACEHOLDER','PLACEHOLDER','PLACEHOLDER',NULL),(309,'Lairon',1,1,1,'TODO','TODO','PLACEHOLDER','PLACEHOLDER','PLACEHOLDER','PLACEHOLDER',NULL),(310,'Aggron',1,1,1,'TODO','TODO','PLACEHOLDER','PLACEHOLDER','PLACEHOLDER','PLACEHOLDER',NULL),(311,'Meditite',1,1,1,'TODO','TODO','PLACEHOLDER','PLACEHOLDER','PLACEHOLDER','PLACEHOLDER',NULL),(312,'Medicham',1,1,1,'TODO','TODO','PLACEHOLDER','PLACEHOLDER','PLACEHOLDER','PLACEHOLDER',NULL),(313,'Electrike',1,1,1,'TODO','TODO','PLACEHOLDER','PLACEHOLDER','PLACEHOLDER','PLACEHOLDER',NULL),(314,'Manectric',1,1,1,'TODO','TODO','PLACEHOLDER','PLACEHOLDER','PLACEHOLDER','PLACEHOLDER',NULL),(315,'Plusle',1,1,1,'TODO','TODO','PLACEHOLDER','PLACEHOLDER','PLACEHOLDER','PLACEHOLDER',NULL),(316,'Minun',1,1,1,'TODO','TODO','PLACEHOLDER','PLACEHOLDER','PLACEHOLDER','PLACEHOLDER',NULL),(317,'Volbeat',1,1,1,'TODO','TODO','PLACEHOLDER','PLACEHOLDER','PLACEHOLDER','PLACEHOLDER',NULL),(318,'Illumise',1,1,1,'TODO','TODO','PLACEHOLDER','PLACEHOLDER','PLACEHOLDER','PLACEHOLDER',NULL),(319,'Roselia',1,1,1,'TODO','TODO','PLACEHOLDER','PLACEHOLDER','PLACEHOLDER','PLACEHOLDER',NULL),(320,'Gulpin',1,1,1,'TODO','TODO','PLACEHOLDER','PLACEHOLDER','PLACEHOLDER','PLACEHOLDER',NULL),(321,'Swalot',1,1,1,'TODO','TODO','PLACEHOLDER','PLACEHOLDER','PLACEHOLDER','PLACEHOLDER',NULL),(322,'Carvanha',1,1,1,'TODO','TODO','PLACEHOLDER','PLACEHOLDER','PLACEHOLDER','PLACEHOLDER',NULL),(323,'Sharpedo',1,1,1,'TODO','TODO','PLACEHOLDER','PLACEHOLDER','PLACEHOLDER','PLACEHOLDER',NULL),(324,'Wailmer',1,1,1,'TODO','TODO','PLACEHOLDER','PLACEHOLDER','PLACEHOLDER','PLACEHOLDER',NULL),(325,'Wailord',1,1,1,'TODO','TODO','PLACEHOLDER','PLACEHOLDER','PLACEHOLDER','PLACEHOLDER',NULL),(326,'Numel',1,1,1,'TODO','TODO','PLACEHOLDER','PLACEHOLDER','PLACEHOLDER','PLACEHOLDER',NULL),(327,'Camerupt',1,1,1,'TODO','TODO','PLACEHOLDER','PLACEHOLDER','PLACEHOLDER','PLACEHOLDER',NULL),(328,'Torkoal',1,1,1,'TODO','TODO','PLACEHOLDER','PLACEHOLDER','PLACEHOLDER','PLACEHOLDER',NULL),(329,'Spoink',1,1,1,'TODO','TODO','PLACEHOLDER','PLACEHOLDER','PLACEHOLDER','PLACEHOLDER',NULL),(330,'Grumpig',1,1,1,'TODO','TODO','PLACEHOLDER','PLACEHOLDER','PLACEHOLDER','PLACEHOLDER',NULL),(331,'Spinda',1,1,1,'TODO','TODO','PLACEHOLDER','PLACEHOLDER','PLACEHOLDER','PLACEHOLDER',NULL),(332,'Trapinch',1,1,1,'TODO','TODO','PLACEHOLDER','PLACEHOLDER','PLACEHOLDER','PLACEHOLDER',NULL),(333,'Vibrava',1,1,1,'TODO','TODO','PLACEHOLDER','PLACEHOLDER','PLACEHOLDER','PLACEHOLDER',NULL),(334,'Flygon',1,1,1,'TODO','TODO','PLACEHOLDER','PLACEHOLDER','PLACEHOLDER','PLACEHOLDER',NULL),(335,'Cacnea',1,1,1,'TODO','TODO','PLACEHOLDER','PLACEHOLDER','PLACEHOLDER','PLACEHOLDER',NULL),(336,'Cacturne',1,1,1,'TODO','TODO','PLACEHOLDER','PLACEHOLDER','PLACEHOLDER','PLACEHOLDER',NULL),(337,'Swablu',1,1,1,'TODO','TODO','PLACEHOLDER','PLACEHOLDER','PLACEHOLDER','PLACEHOLDER',NULL),(338,'Altaria',1,1,1,'TODO','TODO','PLACEHOLDER','PLACEHOLDER','PLACEHOLDER','PLACEHOLDER',NULL),(339,'Zangoose',1,1,1,'TODO','TODO','PLACEHOLDER','PLACEHOLDER','PLACEHOLDER','PLACEHOLDER',NULL),(340,'Seviper',1,1,1,'TODO','TODO','PLACEHOLDER','PLACEHOLDER','PLACEHOLDER','PLACEHOLDER',NULL),(341,'Lunatone',1,1,1,'TODO','TODO','PLACEHOLDER','PLACEHOLDER','PLACEHOLDER','PLACEHOLDER',NULL),(342,'Solrock',1,1,1,'TODO','TODO','PLACEHOLDER','PLACEHOLDER','PLACEHOLDER','PLACEHOLDER',NULL),(343,'Barboach',1,1,1,'TODO','TODO','PLACEHOLDER','PLACEHOLDER','PLACEHOLDER','PLACEHOLDER',NULL),(344,'Whiscash',1,1,1,'TODO','TODO','PLACEHOLDER','PLACEHOLDER','PLACEHOLDER','PLACEHOLDER',NULL),(345,'Corphish',1,1,1,'TODO','TODO','PLACEHOLDER','PLACEHOLDER','PLACEHOLDER','PLACEHOLDER',NULL),(346,'Crawdaunt',1,1,1,'TODO','TODO','PLACEHOLDER','PLACEHOLDER','PLACEHOLDER','PLACEHOLDER',NULL),(347,'Baltoy',1,1,1,'TODO','TODO','PLACEHOLDER','PLACEHOLDER','PLACEHOLDER','PLACEHOLDER',NULL),(348,'Claydol',1,1,1,'TODO','TODO','PLACEHOLDER','PLACEHOLDER','PLACEHOLDER','PLACEHOLDER',NULL),(349,'Lileep',1,1,1,'TODO','TODO','PLACEHOLDER','PLACEHOLDER','PLACEHOLDER','PLACEHOLDER',NULL),(350,'Cradily',1,1,1,'TODO','TODO','PLACEHOLDER','PLACEHOLDER','PLACEHOLDER','PLACEHOLDER',NULL),(351,'Anorith',1,1,1,'TODO','TODO','PLACEHOLDER','PLACEHOLDER','PLACEHOLDER','PLACEHOLDER',NULL),(352,'Armaldo',1,1,1,'TODO','TODO','PLACEHOLDER','PLACEHOLDER','PLACEHOLDER','PLACEHOLDER',NULL),(353,'Feebas',1,1,1,'TODO','TODO','PLACEHOLDER','PLACEHOLDER','PLACEHOLDER','PLACEHOLDER',NULL),(354,'Milotic',1,1,1,'TODO','TODO','PLACEHOLDER','PLACEHOLDER','PLACEHOLDER','PLACEHOLDER',NULL),(355,'Castform',1,1,1,'TODO','TODO','PLACEHOLDER','PLACEHOLDER','PLACEHOLDER','PLACEHOLDER',NULL),(356,'Kecleon',1,1,1,'TODO','TODO','PLACEHOLDER','PLACEHOLDER','PLACEHOLDER','PLACEHOLDER',NULL),(357,'Shuppet',1,1,1,'TODO','TODO','PLACEHOLDER','PLACEHOLDER','PLACEHOLDER','PLACEHOLDER',NULL),(358,'Banette',1,1,1,'TODO','TODO','PLACEHOLDER','PLACEHOLDER','PLACEHOLDER','PLACEHOLDER',NULL),(359,'Duskull',1,1,1,'TODO','TODO','PLACEHOLDER','PLACEHOLDER','PLACEHOLDER','PLACEHOLDER',NULL),(360,'Dusclops',1,1,1,'TODO','TODO','PLACEHOLDER','PLACEHOLDER','PLACEHOLDER','PLACEHOLDER',NULL),(361,'Tropius',1,1,1,'TODO','TODO','PLACEHOLDER','PLACEHOLDER','PLACEHOLDER','PLACEHOLDER',NULL),(362,'Chimecho',1,1,1,'TODO','TODO','PLACEHOLDER','PLACEHOLDER','PLACEHOLDER','PLACEHOLDER',NULL),(363,'Absol',1,1,1,'TODO','TODO','PLACEHOLDER','PLACEHOLDER','PLACEHOLDER','PLACEHOLDER',NULL),(364,'Wynaut',1,1,1,'TODO','TODO','PLACEHOLDER','PLACEHOLDER','PLACEHOLDER','PLACEHOLDER',NULL),(365,'Snorunt',1,1,1,'TODO','TODO','PLACEHOLDER','PLACEHOLDER','PLACEHOLDER','PLACEHOLDER',NULL),(366,'Glalie',1,1,1,'TODO','TODO','PLACEHOLDER','PLACEHOLDER','PLACEHOLDER','PLACEHOLDER',NULL),(367,'Spheal',1,1,1,'TODO','TODO','PLACEHOLDER','PLACEHOLDER','PLACEHOLDER','PLACEHOLDER',NULL),(368,'Sealeo',1,1,1,'TODO','TODO','PLACEHOLDER','PLACEHOLDER','PLACEHOLDER','PLACEHOLDER',NULL),(369,'Walrein',1,1,1,'TODO','TODO','PLACEHOLDER','PLACEHOLDER','PLACEHOLDER','PLACEHOLDER',NULL),(370,'Clamperl',1,1,1,'TODO','TODO','PLACEHOLDER','PLACEHOLDER','PLACEHOLDER','PLACEHOLDER',NULL),(371,'Huntail',1,1,1,'TODO','TODO','PLACEHOLDER','PLACEHOLDER','PLACEHOLDER','PLACEHOLDER',NULL),(372,'Gorebyss',1,1,1,'TODO','TODO','PLACEHOLDER','PLACEHOLDER','PLACEHOLDER','PLACEHOLDER',NULL),(373,'Relicanth',1,1,1,'TODO','TODO','PLACEHOLDER','PLACEHOLDER','PLACEHOLDER','PLACEHOLDER',NULL),(374,'Luvdisc',1,1,1,'TODO','TODO','PLACEHOLDER','PLACEHOLDER','PLACEHOLDER','PLACEHOLDER',NULL),(375,'Bagon',1,1,1,'TODO','TODO','PLACEHOLDER','PLACEHOLDER','PLACEHOLDER','PLACEHOLDER',NULL),(376,'Shelgon',1,1,1,'TODO','TODO','PLACEHOLDER','PLACEHOLDER','PLACEHOLDER','PLACEHOLDER',NULL),(377,'Salamence',1,1,1,'TODO','TODO','PLACEHOLDER','PLACEHOLDER','PLACEHOLDER','PLACEHOLDER',NULL),(378,'Beldum',1,1,1,'TODO','TODO','PLACEHOLDER','PLACEHOLDER','PLACEHOLDER','PLACEHOLDER',NULL),(379,'Metang',1,1,1,'TODO','TODO','PLACEHOLDER','PLACEHOLDER','PLACEHOLDER','PLACEHOLDER',NULL),(380,'Metagross',1,1,1,'TODO','TODO','PLACEHOLDER','PLACEHOLDER','PLACEHOLDER','PLACEHOLDER',NULL),(381,'Regirock',1,1,1,'TODO','TODO','PLACEHOLDER','PLACEHOLDER','PLACEHOLDER','PLACEHOLDER',NULL),(382,'Regice',1,1,1,'TODO','TODO','PLACEHOLDER','PLACEHOLDER','PLACEHOLDER','PLACEHOLDER',NULL),(383,'Registeel',1,1,1,'TODO','TODO','PLACEHOLDER','PLACEHOLDER','PLACEHOLDER','PLACEHOLDER',NULL),(384,'Latias',1,1,1,'TODO','TODO','PLACEHOLDER','PLACEHOLDER','PLACEHOLDER','PLACEHOLDER',NULL),(385,'Latios',1,1,1,'TODO','TODO','PLACEHOLDER','PLACEHOLDER','PLACEHOLDER','PLACEHOLDER',NULL),(386,'Kyogre',1,1,1,'TODO','TODO','PLACEHOLDER','PLACEHOLDER','PLACEHOLDER','PLACEHOLDER',NULL),(387,'Groudon',1,1,1,'TODO','TODO','PLACEHOLDER','PLACEHOLDER','PLACEHOLDER','PLACEHOLDER',NULL),(388,'Rayquaza',1,1,1,'TODO','TODO','PLACEHOLDER','PLACEHOLDER','PLACEHOLDER','PLACEHOLDER',NULL),(389,'Jirachi',1,1,1,'TODO','TODO','PLACEHOLDER','PLACEHOLDER','PLACEHOLDER','PLACEHOLDER',NULL),(390,'Deoxys',1,1,1,'TODO','TODO','PLACEHOLDER','PLACEHOLDER','PLACEHOLDER','PLACEHOLDER',NULL),(391,'Turtwig',1,1,1,'TODO','TODO','PLACEHOLDER','PLACEHOLDER','PLACEHOLDER','PLACEHOLDER',NULL),(392,'Grotle',1,1,1,'TODO','TODO','PLACEHOLDER','PLACEHOLDER','PLACEHOLDER','PLACEHOLDER',NULL),(393,'Torterra',1,1,1,'TODO','TODO','PLACEHOLDER','PLACEHOLDER','PLACEHOLDER','PLACEHOLDER',NULL),(394,'Chimchar',1,1,1,'TODO','TODO','PLACEHOLDER','PLACEHOLDER','PLACEHOLDER','PLACEHOLDER',NULL),(395,'Monferno',1,1,1,'TODO','TODO','PLACEHOLDER','PLACEHOLDER','PLACEHOLDER','PLACEHOLDER',NULL),(396,'Infernape',1,1,1,'TODO','TODO','PLACEHOLDER','PLACEHOLDER','PLACEHOLDER','PLACEHOLDER',NULL),(397,'Piplup',1,1,1,'TODO','TODO','PLACEHOLDER','PLACEHOLDER','PLACEHOLDER','PLACEHOLDER',NULL),(398,'Prinplup',1,1,1,'TODO','TODO','PLACEHOLDER','PLACEHOLDER','PLACEHOLDER','PLACEHOLDER',NULL),(399,'Empoleon',1,1,1,'TODO','TODO','PLACEHOLDER','PLACEHOLDER','PLACEHOLDER','PLACEHOLDER',NULL),(400,'Starly',1,1,1,'TODO','TODO','PLACEHOLDER','PLACEHOLDER','PLACEHOLDER','PLACEHOLDER',NULL),(401,'Staravia',1,1,1,'TODO','TODO','PLACEHOLDER','PLACEHOLDER','PLACEHOLDER','PLACEHOLDER',NULL),(402,'Staraptor',1,1,1,'TODO','TODO','PLACEHOLDER','PLACEHOLDER','PLACEHOLDER','PLACEHOLDER',NULL),(403,'Bidoof',1,1,1,'TODO','TODO','PLACEHOLDER','PLACEHOLDER','PLACEHOLDER','PLACEHOLDER',NULL),(404,'Bibarel',1,1,1,'TODO','TODO','PLACEHOLDER','PLACEHOLDER','PLACEHOLDER','PLACEHOLDER',NULL),(405,'Kricketot',1,1,1,'TODO','TODO','PLACEHOLDER','PLACEHOLDER','PLACEHOLDER','PLACEHOLDER',NULL),(406,'Kricketune',1,1,1,'TODO','TODO','PLACEHOLDER','PLACEHOLDER','PLACEHOLDER','PLACEHOLDER',NULL),(407,'Shinx',1,1,1,'TODO','TODO','PLACEHOLDER','PLACEHOLDER','PLACEHOLDER','PLACEHOLDER',NULL),(408,'Luxio',1,1,1,'TODO','TODO','PLACEHOLDER','PLACEHOLDER','PLACEHOLDER','PLACEHOLDER',NULL),(409,'Luxray',1,1,1,'TODO','TODO','PLACEHOLDER','PLACEHOLDER','PLACEHOLDER','PLACEHOLDER',NULL),(410,'Budew',1,1,1,'TODO','TODO','PLACEHOLDER','PLACEHOLDER','PLACEHOLDER','PLACEHOLDER',NULL),(411,'Roserade',1,1,1,'TODO','TODO','PLACEHOLDER','PLACEHOLDER','PLACEHOLDER','PLACEHOLDER',NULL),(412,'Cranidos',1,1,1,'TODO','TODO','PLACEHOLDER','PLACEHOLDER','PLACEHOLDER','PLACEHOLDER',NULL),(413,'Rampardos',1,1,1,'TODO','TODO','PLACEHOLDER','PLACEHOLDER','PLACEHOLDER','PLACEHOLDER',NULL),(414,'Shieldon',1,1,1,'TODO','TODO','PLACEHOLDER','PLACEHOLDER','PLACEHOLDER','PLACEHOLDER',NULL),(415,'Bastiodon',1,1,1,'TODO','TODO','PLACEHOLDER','PLACEHOLDER','PLACEHOLDER','PLACEHOLDER',NULL),(416,'Burmy',1,1,1,'TODO','TODO','PLACEHOLDER','PLACEHOLDER','PLACEHOLDER','PLACEHOLDER',NULL),(417,'Wormadam',1,1,1,'TODO','TODO','PLACEHOLDER','PLACEHOLDER','PLACEHOLDER','PLACEHOLDER',NULL),(418,'Mothim',1,1,1,'TODO','TODO','PLACEHOLDER','PLACEHOLDER','PLACEHOLDER','PLACEHOLDER',NULL),(419,'Combee',1,1,1,'TODO','TODO','PLACEHOLDER','PLACEHOLDER','PLACEHOLDER','PLACEHOLDER',NULL),(420,'Vespiquen',1,1,1,'TODO','TODO','PLACEHOLDER','PLACEHOLDER','PLACEHOLDER','PLACEHOLDER',NULL),(421,'Pachirisu',1,1,1,'TODO','TODO','PLACEHOLDER','PLACEHOLDER','PLACEHOLDER','PLACEHOLDER',NULL),(422,'Buizel',1,1,1,'TODO','TODO','PLACEHOLDER','PLACEHOLDER','PLACEHOLDER','PLACEHOLDER',NULL),(423,'Floatzel',1,1,1,'TODO','TODO','PLACEHOLDER','PLACEHOLDER','PLACEHOLDER','PLACEHOLDER',NULL),(424,'Cherubi',1,1,1,'TODO','TODO','PLACEHOLDER','PLACEHOLDER','PLACEHOLDER','PLACEHOLDER',NULL),(425,'Cherrim',1,1,1,'TODO','TODO','PLACEHOLDER','PLACEHOLDER','PLACEHOLDER','PLACEHOLDER',NULL),(426,'Shellos',1,1,1,'TODO','TODO','PLACEHOLDER','PLACEHOLDER','PLACEHOLDER','PLACEHOLDER',NULL),(427,'Gastrodon',1,1,1,'TODO','TODO','PLACEHOLDER','PLACEHOLDER','PLACEHOLDER','PLACEHOLDER',NULL),(428,'Ambipom',1,1,1,'TODO','TODO','PLACEHOLDER','PLACEHOLDER','PLACEHOLDER','PLACEHOLDER',NULL),(429,'Drifloon',1,1,1,'TODO','TODO','PLACEHOLDER','PLACEHOLDER','PLACEHOLDER','PLACEHOLDER',NULL),(430,'Drifblim',1,1,1,'TODO','TODO','PLACEHOLDER','PLACEHOLDER','PLACEHOLDER','PLACEHOLDER',NULL),(431,'Buneary',1,1,1,'TODO','TODO','PLACEHOLDER','PLACEHOLDER','PLACEHOLDER','PLACEHOLDER',NULL),(432,'Lopunny',1,1,1,'TODO','TODO','PLACEHOLDER','PLACEHOLDER','PLACEHOLDER','PLACEHOLDER',NULL),(433,'Mismagius',1,1,1,'TODO','TODO','PLACEHOLDER','PLACEHOLDER','PLACEHOLDER','PLACEHOLDER',NULL),(434,'Honchkrow',1,1,1,'TODO','TODO','PLACEHOLDER','PLACEHOLDER','PLACEHOLDER','PLACEHOLDER',NULL),(435,'Glameow',1,1,1,'TODO','TODO','PLACEHOLDER','PLACEHOLDER','PLACEHOLDER','PLACEHOLDER',NULL),(436,'Purugly',1,1,1,'TODO','TODO','PLACEHOLDER','PLACEHOLDER','PLACEHOLDER','PLACEHOLDER',NULL),(437,'Chingling',1,1,1,'TODO','TODO','PLACEHOLDER','PLACEHOLDER','PLACEHOLDER','PLACEHOLDER',NULL),(438,'Stunky',1,1,1,'TODO','TODO','PLACEHOLDER','PLACEHOLDER','PLACEHOLDER','PLACEHOLDER',NULL),(439,'Skuntank',1,1,1,'TODO','TODO','PLACEHOLDER','PLACEHOLDER','PLACEHOLDER','PLACEHOLDER',NULL),(440,'Bronzor',1,1,1,'TODO','TODO','PLACEHOLDER','PLACEHOLDER','PLACEHOLDER','PLACEHOLDER',NULL),(441,'Bronzong',1,1,1,'TODO','TODO','PLACEHOLDER','PLACEHOLDER','PLACEHOLDER','PLACEHOLDER',NULL),(442,'Bonsly',1,1,1,'TODO','TODO','PLACEHOLDER','PLACEHOLDER','PLACEHOLDER','PLACEHOLDER',NULL),(443,'Mime Jr.',1,1,1,'TODO','TODO','PLACEHOLDER','PLACEHOLDER','PLACEHOLDER','PLACEHOLDER',NULL),(444,'Happiny',1,1,1,'TODO','TODO','PLACEHOLDER','PLACEHOLDER','PLACEHOLDER','PLACEHOLDER',NULL),(445,'Chatot',1,1,1,'TODO','TODO','PLACEHOLDER','PLACEHOLDER','PLACEHOLDER','PLACEHOLDER',NULL),(446,'Spiritomb',1,1,1,'TODO','TODO','PLACEHOLDER','PLACEHOLDER','PLACEHOLDER','PLACEHOLDER',NULL),(447,'Gible',1,1,1,'TODO','TODO','PLACEHOLDER','PLACEHOLDER','PLACEHOLDER','PLACEHOLDER',NULL),(448,'Gabite',1,1,1,'TODO','TODO','PLACEHOLDER','PLACEHOLDER','PLACEHOLDER','PLACEHOLDER',NULL),(449,'Garchomp',1,1,1,'TODO','TODO','PLACEHOLDER','PLACEHOLDER','PLACEHOLDER','PLACEHOLDER',NULL),(450,'Munchlax',1,1,1,'TODO','TODO','PLACEHOLDER','PLACEHOLDER','PLACEHOLDER','PLACEHOLDER',NULL),(451,'Riolu',1,1,1,'TODO','TODO','PLACEHOLDER','PLACEHOLDER','PLACEHOLDER','PLACEHOLDER',NULL),(452,'Lucario',1,1,1,'TODO','TODO','PLACEHOLDER','PLACEHOLDER','PLACEHOLDER','PLACEHOLDER',NULL),(453,'Hippopotas',1,1,1,'TODO','TODO','PLACEHOLDER','PLACEHOLDER','PLACEHOLDER','PLACEHOLDER',NULL),(454,'Hippowdon',1,1,1,'TODO','TODO','PLACEHOLDER','PLACEHOLDER','PLACEHOLDER','PLACEHOLDER',NULL),(455,'Skorupi',1,1,1,'TODO','TODO','PLACEHOLDER','PLACEHOLDER','PLACEHOLDER','PLACEHOLDER',NULL),(456,'Drapion',1,1,1,'TODO','TODO','PLACEHOLDER','PLACEHOLDER','PLACEHOLDER','PLACEHOLDER',NULL),(457,'Croagunk',1,1,1,'TODO','TODO','PLACEHOLDER','PLACEHOLDER','PLACEHOLDER','PLACEHOLDER',NULL),(458,'Toxicroak',1,1,1,'TODO','TODO','PLACEHOLDER','PLACEHOLDER','PLACEHOLDER','PLACEHOLDER',NULL),(459,'Carnivine',1,1,1,'TODO','TODO','PLACEHOLDER','PLACEHOLDER','PLACEHOLDER','PLACEHOLDER',NULL),(460,'Finneon',1,1,1,'TODO','TODO','PLACEHOLDER','PLACEHOLDER','PLACEHOLDER','PLACEHOLDER',NULL),(461,'Lumineon',1,1,1,'TODO','TODO','PLACEHOLDER','PLACEHOLDER','PLACEHOLDER','PLACEHOLDER',NULL),(462,'Mantyke',1,1,1,'TODO','TODO','PLACEHOLDER','PLACEHOLDER','PLACEHOLDER','PLACEHOLDER',NULL),(463,'Snover',1,1,1,'TODO','TODO','PLACEHOLDER','PLACEHOLDER','PLACEHOLDER','PLACEHOLDER',NULL),(464,'Abomasnow',1,1,1,'TODO','TODO','PLACEHOLDER','PLACEHOLDER','PLACEHOLDER','PLACEHOLDER',NULL),(465,'Weavile',1,1,1,'TODO','TODO','PLACEHOLDER','PLACEHOLDER','PLACEHOLDER','PLACEHOLDER',NULL),(466,'Magnezone',1,1,1,'TODO','TODO','PLACEHOLDER','PLACEHOLDER','PLACEHOLDER','PLACEHOLDER',NULL),(467,'Lickilicky',1,1,1,'TODO','TODO','PLACEHOLDER','PLACEHOLDER','PLACEHOLDER','PLACEHOLDER',NULL),(468,'Rhyperior',1,1,1,'TODO','TODO','PLACEHOLDER','PLACEHOLDER','PLACEHOLDER','PLACEHOLDER',NULL),(469,'Tangrowth',1,1,1,'TODO','TODO','PLACEHOLDER','PLACEHOLDER','PLACEHOLDER','PLACEHOLDER',NULL),(470,'Electivire',1,1,1,'TODO','TODO','PLACEHOLDER','PLACEHOLDER','PLACEHOLDER','PLACEHOLDER',NULL),(471,'Magmortar',1,1,1,'TODO','TODO','PLACEHOLDER','PLACEHOLDER','PLACEHOLDER','PLACEHOLDER',NULL),(472,'Togekiss',1,1,1,'TODO','TODO','PLACEHOLDER','PLACEHOLDER','PLACEHOLDER','PLACEHOLDER',NULL),(473,'Yanmega',1,1,1,'TODO','TODO','PLACEHOLDER','PLACEHOLDER','PLACEHOLDER','PLACEHOLDER',NULL),(474,'Leafeon',1,1,1,'TODO','TODO','PLACEHOLDER','PLACEHOLDER','PLACEHOLDER','PLACEHOLDER',NULL),(475,'Glaceon',1,1,1,'TODO','TODO','PLACEHOLDER','PLACEHOLDER','PLACEHOLDER','PLACEHOLDER',NULL),(476,'Gliscor',1,1,1,'TODO','TODO','PLACEHOLDER','PLACEHOLDER','PLACEHOLDER','PLACEHOLDER',NULL),(477,'Mamoswine',1,1,1,'TODO','TODO','PLACEHOLDER','PLACEHOLDER','PLACEHOLDER','PLACEHOLDER',NULL),(478,'Porygon-Z',1,1,1,'TODO','TODO','PLACEHOLDER','PLACEHOLDER','PLACEHOLDER','PLACEHOLDER',NULL),(479,'Gallade',1,1,1,'TODO','TODO','PLACEHOLDER','PLACEHOLDER','PLACEHOLDER','PLACEHOLDER',NULL),(480,'Probopass',1,1,1,'TODO','TODO','PLACEHOLDER','PLACEHOLDER','PLACEHOLDER','PLACEHOLDER',NULL),(481,'Dusknoir',1,1,1,'TODO','TODO','PLACEHOLDER','PLACEHOLDER','PLACEHOLDER','PLACEHOLDER',NULL),(482,'Froslass',1,1,1,'TODO','TODO','PLACEHOLDER','PLACEHOLDER','PLACEHOLDER','PLACEHOLDER',NULL),(483,'Rotom',1,1,1,'TODO','TODO','PLACEHOLDER','PLACEHOLDER','PLACEHOLDER','PLACEHOLDER',NULL),(484,'Uxie',1,1,1,'TODO','TODO','PLACEHOLDER','PLACEHOLDER','PLACEHOLDER','PLACEHOLDER',NULL),(485,'Mesprit',1,1,1,'TODO','TODO','PLACEHOLDER','PLACEHOLDER','PLACEHOLDER','PLACEHOLDER',NULL),(486,'Azelf',1,1,1,'TODO','TODO','PLACEHOLDER','PLACEHOLDER','PLACEHOLDER','PLACEHOLDER',NULL),(487,'Dialga',1,1,1,'TODO','TODO','PLACEHOLDER','PLACEHOLDER','PLACEHOLDER','PLACEHOLDER',NULL),(488,'Palkia',1,1,1,'TODO','TODO','PLACEHOLDER','PLACEHOLDER','PLACEHOLDER','PLACEHOLDER',NULL),(489,'Heatran',1,1,1,'TODO','TODO','PLACEHOLDER','PLACEHOLDER','PLACEHOLDER','PLACEHOLDER',NULL),(490,'Regigigas',1,1,1,'TODO','TODO','PLACEHOLDER','PLACEHOLDER','PLACEHOLDER','PLACEHOLDER',NULL),(491,'Giratina',1,1,1,'TODO','TODO','PLACEHOLDER','PLACEHOLDER','PLACEHOLDER','PLACEHOLDER',NULL),(492,'Cresselia',1,1,1,'TODO','TODO','PLACEHOLDER','PLACEHOLDER','PLACEHOLDER','PLACEHOLDER',NULL),(493,'Phione',1,1,1,'TODO','TODO','PLACEHOLDER','PLACEHOLDER','PLACEHOLDER','PLACEHOLDER',NULL),(494,'Manaphy',1,1,1,'TODO','TODO','PLACEHOLDER','PLACEHOLDER','PLACEHOLDER','PLACEHOLDER',NULL),(495,'Darkrai',1,1,1,'TODO','TODO','PLACEHOLDER','PLACEHOLDER','PLACEHOLDER','PLACEHOLDER',NULL),(496,'Shaymin',1,1,1,'TODO','TODO','PLACEHOLDER','PLACEHOLDER','PLACEHOLDER','PLACEHOLDER',NULL),(497,'Arceus',1,1,1,'TODO','TODO','PLACEHOLDER','PLACEHOLDER','PLACEHOLDER','PLACEHOLDER',NULL);
/*!40000 ALTER TABLE `Pokemons` ENABLE KEYS */;
UNLOCK TABLES;

--
-- Table structure for table `Shop`
--

DROP TABLE IF EXISTS `Shop`;
/*!40101 SET @saved_cs_client     = @@character_set_client */;
/*!50503 SET character_set_client = utf8mb4 */;
CREATE TABLE `Shop` (
  `pokemon_id` int(11) NOT NULL,
  `price` int(10) unsigned DEFAULT 500,
  UNIQUE KEY `pokemon_id` (`pokemon_id`),
  CONSTRAINT `Shop_ibfk_1` FOREIGN KEY (`pokemon_id`) REFERENCES `Pokemons` (`pokemon_id`)
) ENGINE=InnoDB DEFAULT CHARSET=utf8mb4;
/*!40101 SET character_set_client = @saved_cs_client */;

--
-- Dumping data for table `Shop`
--

LOCK TABLES `Shop` WRITE;
/*!40000 ALTER TABLE `Shop` DISABLE KEYS */;
INSERT INTO `Shop` VALUES (4,500),(5,500),(6,500),(7,500),(8,500),(9,500),(10,500),(11,500),(12,500),(13,500),(14,500),(15,500),(16,500),(17,500),(18,500),(19,500),(20,500),(21,500),(22,500),(23,500),(24,500),(25,500),(26,500),(27,500),(28,500),(29,500),(30,500),(31,500),(32,500),(33,500),(34,500),(35,500),(36,500),(37,500),(38,500),(39,500),(40,500),(41,500),(42,500),(43,500),(44,500),(45,500),(46,500),(47,500),(48,500),(49,500),(50,500),(51,500),(52,500),(53,500),(54,500),(55,500),(56,500),(57,500),(58,500),(59,500),(60,500),(61,500),(62,500),(63,500),(64,500),(65,500),(66,500),(67,500),(68,500),(69,500),(70,500),(71,500),(72,500),(73,500),(74,500),(75,500),(76,500),(77,500),(78,500),(79,500),(80,500),(81,500),(82,500),(83,500),(84,500),(85,500),(86,500),(87,500),(88,500),(89,500),(90,500),(91,500),(92,500),(93,500),(94,500),(95,500),(96,500),(97,500),(98,500),(99,500),(100,500),(101,500),(102,500),(103,500),(104,500),(105,500),(106,500),(107,500),(108,500),(109,500),(110,500),(111,500),(112,500),(113,500),(114,500),(115,500),(116,500),(117,500),(118,500),(119,500),(120,500),(121,500),(122,500),(123,500),(124,500),(125,500),(126,500),(127,500),(128,500),(129,500),(130,500),(131,500),(132,500),(133,500),(134,500),(135,500),(136,500),(137,500),(138,500),(139,500),(140,500),(141,500),(142,500),(143,500),(144,500),(145,500),(146,500),(147,500),(148,500),(149,500),(150,500),(151,500),(152,500),(153,500),(154,500),(155,500),(156,500),(157,500),(158,500),(159,500),(160,500),(161,500),(162,500),(163,500),(164,500),(165,500),(166,500),(167,500),(168,500),(169,500),(170,500),(171,500),(172,500),(173,500),(174,500),(175,500),(176,500),(177,500),(178,500),(179,500),(180,500),(181,500),(182,500),(183,500),(184,500),(185,500),(186,500),(187,500),(188,500),(189,500),(190,500),(191,500),(192,500),(193,500),(194,500),(195,500),(196,500),(197,500),(198,500),(199,500),(200,500),(201,500),(202,500),(203,500),(204,500),(205,500),(206,500),(207,500),(208,500),(209,500),(210,500),(211,500),(212,500),(213,500),(214,500),(215,500),(216,500),(217,500),(218,500),(219,500),(220,500),(221,500),(222,500),(223,500),(224,500),(225,500),(226,500),(227,500),(228,500),(229,500),(230,500),(231,500),(232,500),(233,500),(234,500),(235,500),(236,500),(237,500),(238,500),(239,500),(240,500),(241,500),(242,500),(243,500),(244,500),(245,500),(246,500),(247,500),(248,500),(249,500),(250,500),(251,500),(252,500),(253,500),(254,500),(255,500),(256,500),(257,500),(258,500),(259,500),(260,500),(261,500),(262,500),(263,500),(264,500),(265,500),(266,500),(267,500),(268,500),(269,500),(270,500),(271,500),(272,500),(273,500),(274,500),(275,500),(276,500),(277,500),(278,500),(279,500),(280,500),(281,500),(282,500),(283,500),(284,500),(285,500),(286,500),(287,500),(288,500),(289,500),(290,500),(291,500),(292,500),(293,500),(294,500),(295,500),(296,500),(297,500),(298,500),(299,500),(300,500),(301,500),(302,500),(303,500),(304,500),(305,500),(306,500),(307,500),(308,500),(309,500),(310,500),(311,500),(312,500),(313,500),(314,500),(315,500),(316,500),(317,500),(318,500),(319,500),(320,500),(321,500),(322,500),(323,500),(324,500),(325,500),(326,500),(327,500),(328,500),(329,500),(330,500),(331,500),(332,500),(333,500),(334,500),(335,500),(336,500),(337,500),(338,500),(339,500),(340,500),(341,500),(342,500),(343,500),(344,500),(345,500),(346,500),(347,500),(348,500),(349,500),(350,500),(351,500),(352,500),(353,500),(354,500),(355,500),(356,500),(357,500),(358,500),(359,500),(360,500),(361,500),(362,500),(363,500),(364,500),(365,500),(366,500),(367,500),(368,500),(369,500),(370,500),(371,500),(372,500),(373,500),(374,500),(375,500),(376,500),(377,500),(378,500),(379,500),(380,500),(381,500),(382,500),(383,500),(384,500),(385,500),(386,500),(387,500),(388,500),(389,500),(390,500),(391,500),(392,500),(393,500),(394,500),(395,500),(396,500),(397,500),(398,500),(399,500),(400,500),(401,500),(402,500),(403,500),(404,500),(405,500),(406,500),(407,500),(408,500),(409,500),(410,500),(411,500),(412,500),(413,500),(414,500),(415,500),(416,500),(417,500),(418,500),(419,500),(420,500),(421,500),(422,500),(423,500),(424,500),(425,500),(426,500),(427,500),(428,500),(429,500),(430,500),(431,500),(432,500),(433,500),(434,500),(435,500),(436,500),(437,500),(438,500),(439,500),(440,500),(441,500),(442,500),(443,500),(444,500),(445,500),(446,500),(447,500),(448,500),(449,500),(450,500),(451,500),(452,500),(453,500),(454,500),(455,500),(456,500),(457,500),(458,500),(459,500),(460,500),(461,500),(462,500),(463,500),(464,500),(465,500),(466,500),(467,500),(468,500),(469,500),(470,500),(471,500),(472,500),(473,500),(474,500),(475,500),(476,500),(477,500),(478,500),(479,500),(480,500),(481,500),(482,500),(483,500),(484,500),(485,500),(486,500),(487,500),(488,500),(489,500),(490,500),(491,500),(492,500),(493,500),(494,500),(495,500),(496,500),(497,500);
/*!40000 ALTER TABLE `Shop` ENABLE KEYS */;
UNLOCK TABLES;

--
-- Table structure for table `Trainers`
--

DROP TABLE IF EXISTS `Trainers`;
/*!40101 SET @saved_cs_client     = @@character_set_client */;
/*!50503 SET character_set_client = utf8mb4 */;
CREATE TABLE `Trainers` (
  `trainer_id` int(11) NOT NULL AUTO_INCREMENT,
  `name` varchar(255) NOT NULL,
  `balance` int(11) DEFAULT NULL,
  PRIMARY KEY (`trainer_id`)
) ENGINE=InnoDB AUTO_INCREMENT=3 DEFAULT CHARSET=utf8mb4;
/*!40101 SET character_set_client = @saved_cs_client */;

--
-- Dumping data for table `Trainers`
--

LOCK TABLES `Trainers` WRITE;
/*!40000 ALTER TABLE `Trainers` DISABLE KEYS */;
INSERT INTO `Trainers` VALUES (1,'Ash',6500),(2,'Barry',3500);
/*!40000 ALTER TABLE `Trainers` ENABLE KEYS */;
UNLOCK TABLES;

--
-- Table structure for table `Users`
--

DROP TABLE IF EXISTS `Users`;
/*!40101 SET @saved_cs_client     = @@character_set_client */;
/*!50503 SET character_set_client = utf8mb4 */;
CREATE TABLE `Users` (
  `username` varchar(255) NOT NULL,
  `email` varchar(255) NOT NULL,
  `password` varchar(255) NOT NULL,
  `balance` int(10) unsigned DEFAULT 5000,
  PRIMARY KEY (`username`)
) ENGINE=InnoDB DEFAULT CHARSET=utf8mb4;
/*!40101 SET character_set_client = @saved_cs_client */;

--
-- Dumping data for table `Users`
--

LOCK TABLES `Users` WRITE;
/*!40000 ALTER TABLE `Users` DISABLE KEYS */;
INSERT INTO `Users` VALUES ('alice','alice@test.de','TAf54vfPH64WaBtVNELST6XZzLDxaz6BtnxC2Z4oSPGgcWpffoNO9GIG+gF+uZcgBWidtmX6zo/H0DE5Od02gw==',3500),('Pflegusch','dennis.pfleger@web.de','quwzHHfvjiPI3/FTL8Q9mLOSyzEpwQPnB3oMaGJNo3cLqKwnXug2cNZ/hn+8iqqJ24o5ZCpvxatXBlrq+aveNg==',6500);
/*!40000 ALTER TABLE `Users` ENABLE KEYS */;
UNLOCK TABLES;
/*!40103 SET TIME_ZONE=@OLD_TIME_ZONE */;

/*!40101 SET SQL_MODE=@OLD_SQL_MODE */;
/*!40014 SET FOREIGN_KEY_CHECKS=@OLD_FOREIGN_KEY_CHECKS */;
/*!40014 SET UNIQUE_CHECKS=@OLD_UNIQUE_CHECKS */;
/*!40101 SET CHARACTER_SET_CLIENT=@OLD_CHARACTER_SET_CLIENT */;
/*!40101 SET CHARACTER_SET_RESULTS=@OLD_CHARACTER_SET_RESULTS */;
/*!40101 SET COLLATION_CONNECTION=@OLD_COLLATION_CONNECTION */;
/*!40111 SET SQL_NOTES=@OLD_SQL_NOTES */;

-- Dump completed on 2021-12-30 22:08:13
